{
	"credit": "Made with Blockbench",
	"texture_size": [512, 512],
	"textures": {
		"0": "block/luna_models/voxel_atlas",
		"1": "block/luna_models/crafting_table_top",
		"2": "block/luna_models/wood_albedo",
		"3": "block/luna_models/hammer_albedo",
		"5": "block/luna_models/steel",
		"6": "block/luna_models/sawwork",
		"7": "block/luna_models/wood",
		"8": "block/luna_models/red",
		"9": "block/luna_models/hamerhead",
		"particle": "block/luna_models/steel"
	},
	"elements": [
		{
			"name": "voxel",
			"from": [15.2, 0, 0],
			"to": [16, 16, 0.8],
			"faces": {
				"north": {"uv": [0.00781, 0.00781, 15.99222, 15.99222], "texture": "#5"},
				"east": {"uv": [0.00781, 0.00781, 15.99222, 15.99222], "texture": "#5"},
				"south": {"uv": [0.00781, 0.00781, 15.99222, 15.99222], "texture": "#5"},
				"west": {"uv": [0.00781, 0.00781, 15.99222, 15.99222], "texture": "#5"},
				"up": {"uv": [0.00781, 0.00781, 15.99222, 15.99222], "texture": "#5"},
				"down": {"uv": [0.00781, 0.00781, 15.99222, 15.99222], "texture": "#5"}
			}
		},
		{
			"name": "voxel",
			"from": [0, 0, 0.8],
			"to": [16, 0.4, 16],
			"faces": {
				"north": {"uv": [0, 0, 15.96875, 16], "texture": "#5"},
				"east": {"uv": [0, 0, 15.96875, 16], "texture": "#5"},
				"south": {"uv": [0, 0, 15.96875, 16], "texture": "#5"},
				"west": {"uv": [0, 0, 15.96875, 16], "texture": "#5"},
				"up": {"uv": [0, 0, 15.96875, 16], "texture": "#5"},
				"down": {"uv": [0, 0, 15.96875, 16], "texture": "#5"}
			}
		},
		{
			"name": "voxel",
			"from": [0, 0, 0],
			"to": [15.2, 0.4, 0.8],
			"faces": {
				"north": {"uv": [0, 0, 15.96875, 16], "texture": "#5"},
				"east": {"uv": [0, 0, 15.96875, 16], "texture": "#5"},
				"south": {"uv": [0, 0, 15.96875, 16], "texture": "#5"},
				"west": {"uv": [0, 0, 15.96875, 16], "texture": "#5"},
				"up": {"uv": [0, 0, 15.96875, 16], "texture": "#5"},
				"down": {"uv": [0, 0, 15.96875, 16], "texture": "#5"}
			}
		},
		{
			"name": "voxel",
			"from": [15.2, 0.4, 15.2],
			"to": [16, 16, 16],
			"faces": {
				"north": {"uv": [0.00781, 0.00781, 15.99222, 15.99222], "texture": "#5"},
				"east": {"uv": [0.00781, 0.00781, 15.99222, 15.99222], "texture": "#5"},
				"south": {"uv": [0.00781, 0.00781, 15.99222, 15.99222], "texture": "#5"},
				"west": {"uv": [0.00781, 0.00781, 15.99222, 15.99222], "texture": "#5"},
				"up": {"uv": [0.00781, 0.00781, 15.99222, 15.99222], "texture": "#5"},
				"down": {"uv": [0, 0, 15.96875, 16], "texture": "#5"}
			}
		},
		{
			"name": "voxel",
			"from": [15.2, 0.4, 0.8],
			"to": [15.6, 1.6, 15.2],
			"faces": {
				"north": {"uv": [0.00781, 0.00781, 0.02344, 0.02344], "texture": "#0"},
				"east": {"uv": [14.35122, 0.00747, 15.99184, 15.99119], "rotation": 90, "texture": "#2"},
				"south": {"uv": [0.00781, 0.00781, 0.02344, 0.02344], "texture": "#0"},
				"west": {"uv": [0.01559, 0.00781, 16, 2.11719], "texture": "#2"},
				"up": {"uv": [0.01559, 0.00781, 16, 2.11719], "texture": "#2"},
				"down": {"uv": [0.00781, 0.00781, 0.02344, 0.02344], "rotation": 270, "texture": "#0"}
			}
		},
		{
			"name": "voxel",
			"from": [0.8, 0.4, 1.6],
			"to": [15.2, 15.7, 14.4],
			"faces": {
				"north": {"uv": [0, 0, 16, 15.96875], "rotation": 90, "texture": "#2"},
				"east": {"uv": [1, 0.00069, 16, 15.99934], "texture": "#0"},
				"south": {"uv": [0, 0, 16, 15.96875], "rotation": 90, "texture": "#2"},
				"west": {"uv": [0.8125, 0.37569, 16, 15.84444], "texture": "#0"},
				"up": {"uv": [0.81274, 0.37573, 0.37524, 0.00073], "rotation": 90, "texture": "#0"},
				"down": {"uv": [1.25024, 0.00073, 0.81274, 0.37573], "rotation": 270, "texture": "#0"}
			}
		},
		{
			"name": "voxel",
			"from": [0.8, 15.4, 0.6],
			"to": [15.2, 15.9, 15.4],
			"rotation": {"angle": 0, "axis": "y", "origin": [8, 24, 8]},
			"faces": {
				"north": {"uv": [0.00781, 0.00781, 15.99222, 15.99222], "texture": "#5"},
				"east": {"uv": [0, 0, 15.96875, 16], "texture": "#5"},
				"south": {"uv": [0.00781, 0.00781, 15.99222, 15.99222], "texture": "#5"},
				"west": {"uv": [0, 0, 15.96875, 16], "texture": "#5"},
				"up": {"uv": [0, 0, 16, 16], "rotation": 90, "texture": "#1"},
				"down": {"uv": [0.00781, 0.00781, 15.99222, 15.99222], "texture": "#5"}
			}
		},
		{
			"name": "voxel",
			"from": [0, 0.4, 0],
			"to": [0.8, 16, 0.8],
			"faces": {
				"north": {"uv": [0.00781, 0.00781, 15.99222, 15.99222], "texture": "#5"},
				"east": {"uv": [0.00781, 0.00781, 15.99222, 15.99222], "texture": "#5"},
				"south": {"uv": [0.00781, 0.00781, 15.99222, 15.99222], "texture": "#5"},
				"west": {"uv": [0.00781, 0.00781, 15.99222, 15.99222], "texture": "#5"},
				"up": {"uv": [0.00781, 0.00781, 15.99222, 15.99222], "texture": "#5"},
				"down": {"uv": [0.00781, 0.00781, 0.02344, 0.02344], "rotation": 270, "texture": "#0"}
			}
		},
		{
			"name": "voxel",
			"from": [0.4, 0.4, 0.8],
			"to": [0.8, 1.6, 16],
			"faces": {
				"north": {"uv": [0.00781, 0.00781, 0.02344, 0.02344], "texture": "#0"},
				"east": {"uv": [0.00781, 0.00781, 15.99222, 15.99222], "texture": "#5"},
				"south": {"uv": [0.00781, 0.00781, 15.99222, 15.99222], "texture": "#5"},
				"west": {"uv": [0.00747, 0.00747, 1.58559, 15.99119], "rotation": 90, "texture": "#2"},
				"up": {"uv": [0.01559, 0.00781, 16, 2.11719], "texture": "#2"},
				"down": {"uv": [0.00781, 0.00781, 0.02344, 0.02344], "rotation": 270, "texture": "#0"}
			}
		},
		{
			"name": "voxel",
			"from": [0, 0.4, 15.2],
			"to": [0.4, 16, 16],
			"faces": {
				"north": {"uv": [0.00781, 0.00781, 15.99222, 15.99222], "texture": "#5"},
				"east": {"uv": [0.00781, 0.00781, 0.02344, 0.02344], "texture": "#0"},
				"south": {"uv": [0.00781, 0.00781, 15.99222, 15.99222], "texture": "#5"},
				"west": {"uv": [0.00781, 0.00781, 15.99222, 15.99222], "texture": "#5"},
				"up": {"uv": [0.00781, 0.00781, 15.99222, 15.99222], "texture": "#5"},
				"down": {"uv": [0.00781, 0.00781, 0.02344, 0.02344], "rotation": 270, "texture": "#0"}
			}
		},
		{
			"name": "voxel",
			"from": [15.2, 1.6, 0.8],
			"to": [15.6, 16, 1.2],
			"faces": {
				"north": {"uv": [0.00781, 0.00781, 0.02344, 0.02344], "texture": "#0"},
				"east": {"uv": [0.01559, 0.00781, 16, 2.11719], "texture": "#2"},
				"south": {"uv": [0.00781, 0.00781, 0.61719, 15.99222], "texture": "#2"},
				"west": {"uv": [0.00781, 0.00781, 15.99222, 15.99222], "texture": "#5"},
				"up": {"uv": [0.00781, 0.00781, 15.99222, 15.99222], "texture": "#5"},
				"down": {"uv": [0.00781, 0.00781, 0.02344, 0.02344], "rotation": 270, "texture": "#0"}
			}
		},
		{
			"name": "voxel",
			"from": [15.2, 1.6, 14.8],
			"to": [15.6, 16, 15.2],
			"faces": {
				"north": {"uv": [0.00781, 0.00781, 0.58594, 15.99222], "texture": "#2"},
				"east": {"uv": [0.01559, 0.00781, 16, 2.11719], "texture": "#2"},
				"south": {"uv": [0.00781, 0.00781, 0.02344, 0.02344], "texture": "#0"},
				"west": {"uv": [0.00781, 0.00781, 15.99222, 15.99222], "texture": "#5"},
				"up": {"uv": [0.00781, 0.00781, 15.99222, 15.99222], "texture": "#5"},
				"down": {"uv": [0.00781, 0.00781, 0.02344, 0.02344], "rotation": 270, "texture": "#0"}
			}
		},
		{
			"name": "voxel",
			"from": [0.4, 1.6, 0.8],
			"to": [0.8, 16, 1.2],
			"faces": {
				"north": {"uv": [0.00781, 0.00781, 0.02344, 0.02344], "texture": "#0"},
				"east": {"uv": [0.00781, 0.00781, 15.99222, 15.99222], "texture": "#5"},
				"south": {"uv": [0.00781, 0.00781, 0.33594, 15.99222], "texture": "#2"},
				"west": {"uv": [0.01559, 0.00781, 16, 2.11719], "texture": "#2"},
				"up": {"uv": [0.00781, 0.00781, 15.99222, 15.99222], "texture": "#5"},
				"down": {"uv": [0.00781, 0.00781, 0.02344, 0.02344], "rotation": 270, "texture": "#0"}
			}
		},
		{
			"name": "voxel",
			"from": [0.4, 1.6, 14.8],
			"to": [0.8, 16, 16],
			"faces": {
				"north": {"uv": [0.00781, 0.00781, 0.58594, 15.99222], "texture": "#2"},
				"east": {"uv": [0.00781, 0.00781, 15.99222, 15.99222], "texture": "#5"},
				"south": {"uv": [0.00781, 0.00781, 15.99222, 15.99222], "texture": "#5"},
				"west": {"uv": [0.01559, 0.00781, 16, 2.11719], "texture": "#2"},
				"up": {"uv": [0.00781, 0.00781, 15.99222, 15.99222], "texture": "#5"},
				"down": {"uv": [0.00781, 0.00781, 0.02344, 0.02344], "rotation": 270, "texture": "#0"}
			}
		},
		{
			"name": "voxel",
			"from": [15.2, 2, 1.2],
			"to": [15.6, 4, 14.8],
			"faces": {
				"north": {"uv": [0.00781, 0.00781, 0.02344, 0.02344], "texture": "#0"},
				"east": {"uv": [7.71875, 0, 10.23438, 15.98372], "rotation": 90, "texture": "#2"},
				"south": {"uv": [0.00781, 0.00781, 0.02344, 0.02344], "texture": "#0"},
				"west": {"uv": [0.01559, 0.00781, 16, 2.11719], "texture": "#2"},
				"up": {"uv": [0.01559, 0.00781, 16, 2.11719], "texture": "#2"},
				"down": {"uv": [0.00781, 0.00781, 0.02344, 0.02344], "rotation": 270, "texture": "#0"}
			}
		},
		{
			"name": "voxel",
			"from": [0.4, 2, 1.2],
			"to": [0.8, 4, 14.8],
			"faces": {
				"north": {"uv": [0.00781, 0.00781, 0.02344, 0.02344], "texture": "#0"},
				"east": {"uv": [0.01559, 0.00781, 16, 2.11719], "texture": "#2"},
				"south": {"uv": [0.00781, 0.00781, 0.02344, 0.02344], "texture": "#0"},
				"west": {"uv": [0.00747, 0.00747, 1.74184, 15.99119], "rotation": 90, "texture": "#2"},
				"up": {"uv": [0.01559, 0.00781, 16, 2.11719], "texture": "#2"},
				"down": {"uv": [0.00781, 0.00781, 0.02344, 0.02344], "rotation": 270, "texture": "#0"}
			}
		},
		{
			"name": "voxel",
			"from": [15.2, 4.4, 1.2],
			"to": [15.6, 6.4, 14.8],
			"faces": {
				"north": {"uv": [0.00781, 0.00781, 0.02344, 0.02344], "texture": "#0"},
				"east": {"uv": [2.625, 0.03125, 5.26563, 16], "rotation": 90, "texture": "#2"},
				"south": {"uv": [0.00781, 0.00781, 0.02344, 0.02344], "texture": "#0"},
				"west": {"uv": [0.01559, 0.00781, 16, 2.11719], "texture": "#2"},
				"up": {"uv": [0.01559, 0.00781, 16, 2.11719], "texture": "#2"},
				"down": {"uv": [0.00781, 0.00781, 0.02344, 0.02344], "rotation": 270, "texture": "#0"}
			}
		},
		{
			"name": "voxel",
			"from": [0.4, 4.4, 1.2],
			"to": [0.8, 6.4, 14.8],
			"faces": {
				"north": {"uv": [0.00781, 0.00781, 0.02344, 0.02344], "texture": "#0"},
				"east": {"uv": [0.01559, 0.00781, 16, 2.11719], "texture": "#2"},
				"south": {"uv": [0.00781, 0.00781, 0.02344, 0.02344], "texture": "#0"},
				"west": {"uv": [0.00747, 0.00747, 10.24188, 15.99119], "rotation": 90, "texture": "#2"},
				"up": {"uv": [0.01559, 0.00781, 16, 2.11719], "texture": "#2"},
				"down": {"uv": [0.00781, 0.00781, 0.02344, 0.02344], "rotation": 270, "texture": "#0"}
			}
		},
		{
			"name": "voxel",
			"from": [15.2, 6.8, 1.2],
			"to": [15.6, 8.8, 14.8],
			"faces": {
				"north": {"uv": [0.00781, 0.00781, 0.02344, 0.02344], "texture": "#0"},
				"east": {"uv": [2.71875, 0, 5.45313, 15.98372], "rotation": 90, "texture": "#2"},
				"south": {"uv": [0.00781, 0.00781, 0.02344, 0.02344], "texture": "#0"},
				"west": {"uv": [0.01559, 0.00781, 16, 2.11719], "texture": "#2"},
				"up": {"uv": [0.01559, 0.00781, 16, 2.11719], "texture": "#2"},
				"down": {"uv": [0.00781, 0.00781, 0.02344, 0.02344], "rotation": 270, "texture": "#0"}
			}
		},
		{
			"name": "voxel",
			"from": [0.4, 6.8, 1.2],
			"to": [0.8, 8.8, 14.8],
			"faces": {
				"north": {"uv": [0.00781, 0.00781, 0.02344, 0.02344], "texture": "#0"},
				"east": {"uv": [0.01559, 0.00781, 16, 2.11719], "texture": "#2"},
				"south": {"uv": [0.00781, 0.00781, 0.02344, 0.02344], "texture": "#0"},
				"west": {"uv": [13.5625, 0, 15.98438, 15.98372], "rotation": 90, "texture": "#2"},
				"up": {"uv": [0.01559, 0.00781, 16, 2.11719], "texture": "#2"},
				"down": {"uv": [0.00781, 0.00781, 0.02344, 0.02344], "rotation": 270, "texture": "#0"}
			}
		},
		{
			"name": "voxel",
			"from": [9.6, 8.4, 14.8],
			"to": [13.6, 10, 16],
			"faces": {
				"north": {"uv": [0.03125, 0, 16, 15.99931], "texture": "#5"},
				"east": {"uv": [4.90625, 6, 10.71534, 10.62297], "texture": "#9"},
				"south": {"uv": [1.84375, 5.84309, 14.09241, 10.96672], "texture": "#9"},
				"west": {"uv": [4.90625, 6, 10.71534, 10.62297], "texture": "#9"},
				"up": {"uv": [1.375, 5.6875, 14.65556, 11.06116], "texture": "#9"},
				"down": {"uv": [0, 0, 15.96875, 15.99931], "texture": "#5"}
			}
		},
		{
			"name": "voxel",
			"from": [9.6, 8.8, 0],
			"to": [13.6, 10, 1.2],
			"faces": {
				"north": {"uv": [1.84375, 5.84309, 14.09241, 10.96672], "texture": "#9"},
				"east": {"uv": [4.90625, 6, 10.71534, 10.62297], "texture": "#9"},
				"south": {"uv": [0, 4.46875, 15.90628, 10.09306], "texture": "#3"},
				"west": {"uv": [4.90625, 6.0625, 10.90422, 10.52991], "texture": "#9"},
				"up": {"uv": [1.375, 5.6875, 14.65556, 11.06116], "texture": "#9"},
				"down": {"uv": [0.8125, 5.6875, 15.24934, 11.06116], "texture": "#9"}
			}
		},
		{
			"name": "voxel",
			"from": [15.2, 9.2, 1.2],
			"to": [15.6, 11.2, 14.8],
			"faces": {
				"north": {"uv": [0.00781, 0.00781, 0.02344, 0.02344], "texture": "#0"},
				"east": {"uv": [14.31997, 0.00747, 15.99184, 15.99119], "rotation": 90, "texture": "#2"},
				"south": {"uv": [0.00781, 0.00781, 0.02344, 0.02344], "texture": "#0"},
				"west": {"uv": [0.01559, 0.00781, 16, 2.11719], "texture": "#2"},
				"up": {"uv": [0.01559, 0.00781, 16, 2.11719], "texture": "#2"},
				"down": {"uv": [0.00781, 0.00781, 0.02344, 0.02344], "rotation": 270, "texture": "#0"}
			}
		},
		{
			"name": "voxel",
			"from": [0.4, 9.2, 1.2],
			"to": [0.8, 11.2, 14.8],
			"faces": {
				"north": {"uv": [0.00781, 0.00781, 0.02344, 0.02344], "texture": "#0"},
				"east": {"uv": [0.01559, 0.00781, 16, 2.11719], "texture": "#2"},
				"south": {"uv": [0.00781, 0.00781, 0.02344, 0.02344], "texture": "#0"},
				"west": {"uv": [0.00747, 0.00747, 2.58559, 15.99119], "rotation": 90, "texture": "#2"},
				"up": {"uv": [0.01559, 0.00781, 16, 2.11719], "texture": "#2"},
				"down": {"uv": [0.00781, 0.00781, 0.02344, 0.02344], "rotation": 270, "texture": "#0"}
			}
		},
		{
			"name": "voxel",
			"from": [11.2, 10, 0.4],
			"to": [12, 14.8, 0.8],
			"faces": {
				"north": {"uv": [0, 0.00069, 1.37569, 15.99731], "texture": "#7"},
				"east": {"uv": [0, 0.00069, 1.37569, 15.99731], "texture": "#7"},
				"south": {"uv": [0, 0.00069, 1.37569, 15.99731], "texture": "#7"},
				"west": {"uv": [0, 0.00069, 1.37569, 15.99731], "texture": "#7"},
				"up": {"uv": [0, 0.00069, 1.37569, 15.99731], "texture": "#7"},
				"down": {"uv": [12.63997, 0.03194, 14.01563, 16], "texture": "#7"}
			}
		},
		{
			"name": "voxel",
			"from": [11.2, 10, 15.2],
			"to": [12, 14.8, 15.6],
			"faces": {
				"north": {"uv": [2.00024, 1.00073, 7.00024, 7.12573], "texture": "#0"},
				"east": {"uv": [8.73575, 0, 9.47147, 15.99663], "texture": "#7"},
				"south": {"uv": [0, 0.00069, 1.37569, 15.99731], "texture": "#7"},
				"west": {"uv": [8.73575, 0, 9.47147, 15.99663], "texture": "#7"},
				"up": {"uv": [8.73575, 0, 9.47147, 15.99663], "texture": "#7"},
				"down": {"uv": [2.00024, 2.00073, 11.00024, 12.00073], "rotation": 270, "texture": "#0"}
			}
		},
		{
			"name": "voxel",
			"from": [15.2, 11.6, 1.2],
			"to": [15.6, 13.6, 14.8],
			"faces": {
				"north": {"uv": [0.00781, 0.00781, 0.02344, 0.02344], "texture": "#0"},
				"east": {"uv": [13.56997, 0.00747, 15.99184, 15.99119], "rotation": 90, "texture": "#2"},
				"south": {"uv": [0.00781, 0.00781, 0.02344, 0.02344], "texture": "#0"},
				"west": {"uv": [0.01559, 0.00781, 16, 2.11719], "texture": "#2"},
				"up": {"uv": [0.01559, 0.00781, 16, 2.11719], "texture": "#2"},
				"down": {"uv": [0.00781, 0.00781, 0.02344, 0.02344], "rotation": 270, "texture": "#0"}
			}
		},
		{
			"name": "voxel",
			"from": [0.4, 11.6, 1.2],
			"to": [0.8, 13.6, 14.8],
			"faces": {
				"north": {"uv": [8.40674, 4.47241, 14.40674, 8.53491], "texture": "#0"},
				"east": {"uv": [2.5625, 1.06616, 10.0625, 10.00366], "texture": "#2"},
				"south": {"uv": [3.37549, 1.06616, 3.37549, 1.12866], "texture": "#0"},
				"west": {"uv": [13.5625, 0, 15.98438, 15.98372], "rotation": 90, "texture": "#2"},
				"up": {"uv": [2.62549, 11.65991, 12.03174, 1.19116], "texture": "#2"},
				"down": {"uv": [3.96924, 2.65991, 10.96924, 8.06616], "rotation": 270, "texture": "#0"}
			}
		},
		{
			"name": "voxel",
			"from": [3.6, 12, 14.8],
			"to": [6.4, 12.5, 15.2],
			"faces": {
				"north": {"uv": [0, 0.00069, 16, 16], "texture": "#8"},
				"east": {"uv": [0, 0.00069, 16, 16], "texture": "#8"},
				"south": {"uv": [0, 0.00069, 16, 16], "texture": "#8"},
				"west": {"uv": [0, 0.00069, 16, 16], "texture": "#8"},
				"up": {"uv": [0, 0.00069, 16, 16], "texture": "#8"},
				"down": {"uv": [0, 0.00069, 16, 16], "texture": "#8"}
			}
		},
		{
			"name": "voxel",
			"from": [2.8, 12, 0.4],
			"to": [5.6, 12.5, 0.8],
			"faces": {
				"north": {"uv": [0, 0.00069, 16, 16], "texture": "#8"},
				"east": {"uv": [0, 0.00069, 16, 16], "texture": "#8"},
				"south": {"uv": [0, 0.00069, 16, 16], "texture": "#8"},
				"west": {"uv": [0, 0.00069, 16, 16], "texture": "#8"},
				"up": {"uv": [0, 0.00069, 16, 16], "texture": "#8"},
				"down": {"uv": [0, 0.00069, 16, 16], "texture": "#8"}
			}
		},
		{
			"name": "voxel",
			"from": [6.4, 12.4, 14.8],
			"to": [6.8, 14.8, 15.2],
			"faces": {
				"north": {"uv": [0, 0.00069, 16, 16], "texture": "#8"},
				"east": {"uv": [0, 0.00069, 16, 16], "texture": "#8"},
				"south": {"uv": [0, 0.00069, 16, 16], "texture": "#8"},
				"west": {"uv": [0, 0.00069, 16, 16], "texture": "#8"},
				"up": {"uv": [0, 0.00069, 16, 16], "texture": "#8"},
				"down": {"uv": [0, 0.00069, 16, 16], "texture": "#8"}
			}
		},
		{
			"name": "voxel",
			"from": [5.6, 12.4, 0.4],
			"to": [6, 14.8, 0.8],
			"faces": {
				"north": {"uv": [0, 0.00069, 16, 16], "texture": "#8"},
				"east": {"uv": [0, 0.00069, 16, 16], "texture": "#8"},
				"south": {"uv": [0, 0.00069, 16, 16], "texture": "#8"},
				"west": {"uv": [0, 0.00069, 16, 16], "texture": "#8"},
				"up": {"uv": [0, 0.00069, 16, 16], "texture": "#8"},
				"down": {"uv": [0, 0.00069, 16, 16], "texture": "#8"}
			}
		},
		{
			"name": "voxel",
			"from": [3.2, 12.4, 14.8],
			"to": [3.6, 14.8, 15.2],
			"faces": {
				"north": {"uv": [0, 0.00069, 16, 16], "texture": "#8"},
				"east": {"uv": [0, 0.00069, 16, 16], "texture": "#8"},
				"south": {"uv": [0, 0.00069, 16, 16], "texture": "#8"},
				"west": {"uv": [0, 0.00069, 16, 16], "texture": "#8"},
				"up": {"uv": [0, 0.00069, 16, 16], "texture": "#8"},
				"down": {"uv": [0, 0.00069, 16, 16], "texture": "#8"}
			}
		},
		{
			"name": "voxel",
			"from": [2.4, 12.4, 0.4],
			"to": [2.8, 14.8, 0.8],
			"faces": {
				"north": {"uv": [0, 0.00069, 16, 16], "texture": "#8"},
				"east": {"uv": [0, 0.00069, 16, 16], "texture": "#8"},
				"south": {"uv": [0, 0.00069, 16, 16], "texture": "#8"},
				"west": {"uv": [0, 0.00069, 16, 16], "texture": "#8"},
				"up": {"uv": [0, 0.00069, 16, 16], "texture": "#8"},
				"down": {"uv": [0, 0.00069, 16, 16], "texture": "#8"}
			}
		},
		{
			"name": "voxel",
			"from": [6.8, 12.8, 14.8],
			"to": [7.2, 14.8, 15.2],
			"faces": {
				"north": {"uv": [0, 0.00069, 16, 16], "texture": "#8"},
				"east": {"uv": [0, 0.00069, 16, 16], "texture": "#8"},
				"south": {"uv": [0, 0.00069, 16, 16], "texture": "#8"},
				"west": {"uv": [0, 0.00069, 16, 16], "texture": "#8"},
				"up": {"uv": [0, 0.00069, 16, 16], "texture": "#8"},
				"down": {"uv": [0, 0.00069, 16, 16], "texture": "#8"}
			}
		},
		{
			"name": "voxel",
			"from": [6, 12.8, 0.4],
			"to": [6.4, 14.8, 0.8],
			"faces": {
				"north": {"uv": [0, 0.00069, 16, 16], "texture": "#8"},
				"east": {"uv": [0, 0.00069, 16, 16], "texture": "#8"},
				"south": {"uv": [0, 0.00069, 16, 16], "texture": "#8"},
				"west": {"uv": [0, 0.00069, 16, 16], "texture": "#8"},
				"up": {"uv": [0, 0.00069, 16, 16], "texture": "#8"},
				"down": {"uv": [0, 0.00069, 16, 16], "texture": "#8"}
			}
		},
		{
			"name": "voxel",
			"from": [2.8, 12.8, 14.8],
			"to": [3.2, 14.8, 15.2],
			"faces": {
				"north": {"uv": [0, 0.00069, 16, 16], "texture": "#8"},
				"east": {"uv": [0, 0.00069, 16, 16], "texture": "#8"},
				"south": {"uv": [0, 0.00069, 16, 16], "texture": "#8"},
				"west": {"uv": [0, 0.00069, 16, 16], "texture": "#8"},
				"up": {"uv": [0, 0.00069, 16, 16], "texture": "#8"},
				"down": {"uv": [0, 0.00069, 16, 16], "texture": "#8"}
			}
		},
		{
			"name": "voxel",
			"from": [2, 12.8, 0.4],
			"to": [2.4, 14.8, 0.8],
			"faces": {
				"north": {"uv": [2.625, 2.75069, 16, 16], "texture": "#8"},
				"east": {"uv": [0.00024, 0.00073, 0.00024, 0.06323], "texture": "#0"},
				"south": {"uv": [0.00024, 0.00073, 0.00024, 0.06323], "texture": "#0"},
				"west": {"uv": [0.9375, 1.62569, 16, 16], "texture": "#8"},
				"up": {"uv": [0, 2.00069, 16, 16], "texture": "#8"},
				"down": {"uv": [0, 2.31319, 16, 16], "texture": "#8"}
			}
		},
		{
			"name": "voxel",
			"from": [3.6, 13.2, 14.8],
			"to": [6.4, 13.6, 15.2],
			"faces": {
				"north": {"uv": [0, 0.00069, 16, 16], "texture": "#8"},
				"east": {"uv": [0, 0.00069, 16, 16], "texture": "#8"},
				"south": {"uv": [0, 0.00069, 16, 16], "texture": "#8"},
				"west": {"uv": [0, 0.00069, 16, 16], "texture": "#8"},
				"up": {"uv": [0, 0.00069, 16, 16], "texture": "#8"},
				"down": {"uv": [0, 0.00069, 16, 16], "texture": "#8"}
			}
		},
		{
			"name": "voxel",
			"from": [2.8, 13.2, 0.4],
			"to": [5.6, 13.6, 0.8],
			"faces": {
				"north": {"uv": [0, 0.00069, 16, 16], "texture": "#8"},
				"east": {"uv": [0, 0.00069, 16, 16], "texture": "#8"},
				"south": {"uv": [0, 0.00069, 16, 16], "texture": "#8"},
				"west": {"uv": [0, 0.00069, 16, 16], "texture": "#8"},
				"up": {"uv": [0, 0.00069, 16, 16], "texture": "#8"},
				"down": {"uv": [0, 0.00069, 16, 16], "texture": "#8"}
			}
		},
		{
			"name": "voxel",
			"from": [15.2, 14, 1.2],
			"to": [15.6, 16, 14.8],
			"faces": {
				"north": {"uv": [0.00781, 0.00781, 0.02344, 0.02344], "texture": "#0"},
				"east": {"uv": [0.00747, 0.00747, 2.55434, 15.99119], "rotation": 90, "texture": "#2"},
				"south": {"uv": [0.00781, 0.00781, 0.02344, 0.02344], "texture": "#0"},
				"west": {"uv": [0.00781, 0.00781, 15.99222, 15.99222], "texture": "#5"},
				"up": {"uv": [0.00781, 0.00781, 15.99222, 15.99222], "texture": "#5"},
				"down": {"uv": [0.00781, 0.00781, 0.02344, 0.02344], "rotation": 270, "texture": "#0"}
			}
		},
		{
			"name": "voxel",
			"from": [0.4, 14, 1.2],
			"to": [0.8, 16, 14.8],
			"faces": {
				"north": {"uv": [0.00781, 0.00781, 0.02344, 0.02344], "texture": "#0"},
				"east": {"uv": [0.00781, 0.00781, 15.99222, 15.99222], "texture": "#5"},
				"south": {"uv": [0.00781, 0.00781, 0.02344, 0.02344], "texture": "#0"},
				"west": {"uv": [2.5625, 0.03125, 5.07813, 15.92122], "rotation": 90, "texture": "#2"},
				"up": {"uv": [0.00781, 0.00781, 15.99222, 15.99222], "texture": "#5"},
				"down": {"uv": [0.00781, 0.00781, 0.02344, 0.02344], "rotation": 270, "texture": "#0"}
			}
		},
		{
			"name": "voxel",
			"from": [3.6, 14.4, 14.8],
			"to": [6.4, 14.8, 15.2],
			"faces": {
				"north": {"uv": [0, 0.00069, 16, 16], "texture": "#8"},
				"east": {"uv": [0, 0.00069, 16, 16], "texture": "#8"},
				"south": {"uv": [0, 0.00069, 16, 16], "texture": "#8"},
				"west": {"uv": [0, 0.00069, 16, 16], "texture": "#8"},
				"up": {"uv": [0, 0.00069, 16, 16], "texture": "#8"},
				"down": {"uv": [0, 0.00069, 16, 16], "texture": "#8"}
			}
		},
		{
			"name": "voxel",
			"from": [2.8, 14.4, 0.4],
			"to": [5.6, 14.8, 0.8],
			"faces": {
				"north": {"uv": [0, 0.00069, 16, 16], "texture": "#8"},
				"east": {"uv": [0, 0.00069, 16, 16], "texture": "#8"},
				"south": {"uv": [0, 0.00069, 16, 16], "texture": "#8"},
				"west": {"uv": [0, 0.00069, 16, 16], "texture": "#8"},
				"up": {"uv": [0, 0.00069, 16, 16], "texture": "#8"},
				"down": {"uv": [0, 0.00069, 16, 16], "texture": "#8"}
			}
		},
		{
			"name": "voxel",
			"from": [15.6, 15.6, 0.8],
			"to": [16, 16, 15.2],
			"faces": {
				"north": {"uv": [0.00781, 0.00781, 0.02344, 0.02344], "texture": "#0"},
				"east": {"uv": [0.00781, 0.00781, 15.99222, 15.99222], "texture": "#5"},
				"south": {"uv": [0.00781, 0.00781, 0.02344, 0.02344], "texture": "#0"},
				"west": {"uv": [0.00781, 0.00781, 0.02344, 0.02344], "texture": "#0"},
				"up": {"uv": [0.00781, 0.00781, 15.99222, 15.99222], "texture": "#5"},
				"down": {"uv": [0.00781, 0.00781, 15.99222, 15.99222], "texture": "#5"}
			}
		},
		{
			"name": "voxel",
			"from": [0.8, 15.6, 0],
			"to": [15.2, 16, 0.6],
			"faces": {
				"north": {"uv": [0.00781, 0.00781, 15.99222, 15.99222], "texture": "#5"},
				"east": {"uv": [0, 0, 15.96875, 16], "texture": "#5"},
				"south": {"uv": [0.00781, 0.00781, 15.99222, 15.99222], "texture": "#5"},
				"west": {"uv": [0, 0, 15.96875, 16], "texture": "#5"},
				"up": {"uv": [0.00781, 0.00781, 15.99222, 15.99222], "texture": "#5"},
				"down": {"uv": [0.00781, 0.00781, 15.99222, 15.99222], "texture": "#5"}
			}
		},
		{
			"name": "voxel",
			"from": [0.8, 15.6, 15.4],
			"to": [15.2, 16, 16],
			"rotation": {"angle": 0, "axis": "y", "origin": [8, 8, 9]},
			"faces": {
				"north": {"uv": [0.00781, 0.00781, 15.99222, 15.99222], "texture": "#5"},
				"east": {"uv": [0.00781, 0.00781, 0.02344, 0.02344], "texture": "#0"},
				"south": {"uv": [0.00781, 0.00781, 15.99222, 15.99222], "texture": "#5"},
				"west": {"uv": [0.00781, 0.00781, 0.02344, 0.02344], "texture": "#0"},
				"up": {"uv": [0.00781, 0.00781, 15.99222, 15.99222], "texture": "#5"},
				"down": {"uv": [0.00781, 0.00781, 15.99222, 15.99222], "texture": "#5"}
			}
		},
		{
			"name": "voxel",
			"from": [0, 15.6, 0.8],
			"to": [0.4, 16, 15.2],
			"faces": {
				"north": {"uv": [0.00781, 0.00781, 0.02344, 0.02344], "texture": "#0"},
				"east": {"uv": [0.00781, 0.00781, 0.02344, 0.02344], "texture": "#0"},
				"south": {"uv": [0.00781, 0.00781, 0.02344, 0.02344], "texture": "#0"},
				"west": {"uv": [0.00781, 0.00781, 15.99222, 15.99222], "texture": "#5"},
				"up": {"uv": [0.00781, 0.00781, 15.99222, 15.99222], "texture": "#5"},
				"down": {"uv": [0.00781, 0.00781, 15.99222, 15.99222], "texture": "#5"}
			}
		},
		{
			"from": [3.3, 5.4, 0.5],
			"to": [5.3, 12.4, 0.5],
			"rotation": {"angle": 0, "axis": "y", "origin": [0, 13, -6]},
			"faces": {
				"north": {"uv": [7.125, 1, 10.40625, 14.96741], "texture": "#6"},
				"east": {"uv": [5.53125, 0.53125, 10.78056, 15.43619], "texture": "#missing"},
				"south": {"uv": [7.125, 1, 10.40625, 14.96741], "texture": "#6"},
				"west": {"uv": [5.53125, 0.53125, 10.78056, 15.43619], "texture": "#missing"},
				"up": {"uv": [5.53125, 0.53125, 10.78056, 15.43619], "texture": "#missing"},
				"down": {"uv": [5.53125, 0.53125, 10.78056, 15.43619], "texture": "#missing"}
			}
		},
		{
			"from": [4, 5.1, 15],
			"to": [6, 12.1, 15],
			"rotation": {"angle": 0, "axis": "y", "origin": [0, 12, 9]},
			"faces": {
				"north": {"uv": [7.125, 1, 10.40625, 14.96741], "texture": "#6"},
				"east": {"uv": [5.53125, 0.53125, 10.78056, 15.43619], "texture": "#missing"},
				"south": {"uv": [7.125, 1, 10.40625, 14.96741], "texture": "#6"},
				"west": {"uv": [5.53125, 0.53125, 10.78056, 15.43619], "texture": "#missing"},
				"up": {"uv": [5.53125, 0.53125, 10.78056, 15.43619], "texture": "#missing"},
				"down": {"uv": [5.53125, 0.53125, 10.78056, 15.43619], "texture": "#missing"}
			}
		},
		{
			"from": [13, 8.5, -0.4],
			"to": [13.2, 8.7, 1.5],
			"rotation": {"angle": 0, "axis": "y", "origin": [21, 16, 7]},
			"faces": {
				"north": {"uv": [0, 0, 0.59988, 15.97488], "texture": "#7"},
				"east": {"uv": [0, 0, 2.33425, 15.97353], "texture": "#7"},
				"south": {"uv": [0, 0, 0.00625, 0.00625], "texture": "#missing"},
				"west": {"uv": [0, 0, 9.63044, 15.97353], "texture": "#7"},
				"up": {"uv": [0, 0, 1.06184, 15.99797], "texture": "#7"},
				"down": {"uv": [0, 0, 0.58153, 15.99797], "texture": "#7"}
			}
		},
		{
			"from": [10, 8.5, -0.4],
			"to": [10.2, 8.7, 1.5],
			"rotation": {"angle": 0, "axis": "y", "origin": [18, 16, 7]},
			"faces": {
				"north": {"uv": [0, 0, 0.59988, 15.97488], "texture": "#7"},
				"east": {"uv": [0, 0, 2.33425, 15.97353], "texture": "#7"},
				"south": {"uv": [0, 0, 0.00625, 0.00625], "texture": "#missing"},
				"west": {"uv": [0, 0, 9.63044, 15.97353], "texture": "#7"},
				"up": {"uv": [0, 0, 1.06184, 15.99797], "texture": "#7"},
				"down": {"uv": [0, 0, 0.58153, 15.99797], "texture": "#7"}
			}
		},
		{
			"from": [4, 14.22, -0.4],
			"to": [4.2, 14.42, 1.5],
			"rotation": {"angle": 0, "axis": "y", "origin": [12, 22, 7]},
			"faces": {
				"north": {"uv": [0, 0, 0.59988, 15.97488], "texture": "#7"},
				"east": {"uv": [0, 0, 2.33425, 15.97353], "texture": "#7"},
				"south": {"uv": [0, 0, 0.00625, 0.00625], "texture": "#missing"},
				"west": {"uv": [0, 0, 9.63044, 15.97353], "texture": "#7"},
				"up": {"uv": [0, 0, 1.06184, 15.99797], "texture": "#7"},
				"down": {"uv": [0, 0, 0.58153, 15.99797], "texture": "#7"}
			}
		},
		{
			"from": [10, 8.22, 14.3],
			"to": [10.2, 8.42, 16.2],
			"rotation": {"angle": 0, "axis": "y", "origin": [18, 16, 23]},
			"faces": {
				"north": {"uv": [0, 0, 0.59988, 15.97488], "texture": "#7"},
				"east": {"uv": [0, 0, 2.33425, 15.97353], "texture": "#7"},
				"south": {"uv": [0, 0, 4.16578, 11.43006], "texture": "#7"},
				"west": {"uv": [0, 0, 9.63044, 15.97353], "texture": "#7"},
				"up": {"uv": [0, 0, 1.06184, 15.99797], "texture": "#7"},
				"down": {"uv": [0, 0, 0.58153, 15.99797], "texture": "#7"}
			}
		},
		{
			"from": [13, 8.22, 14.3],
			"to": [13.2, 8.42, 16.2],
			"rotation": {"angle": 0, "axis": "y", "origin": [21, 16, 23]},
			"faces": {
				"north": {"uv": [0, 0, 0.59988, 15.97488], "texture": "#7"},
				"east": {"uv": [0, 0, 2.33425, 15.97353], "texture": "#7"},
				"south": {"uv": [0, 0, 4.16578, 11.43006], "texture": "#7"},
				"west": {"uv": [0, 0, 9.63044, 15.97353], "texture": "#7"},
				"up": {"uv": [0, 0, 1.06184, 15.99797], "texture": "#7"},
				"down": {"uv": [0, 0, 0.58153, 15.99797], "texture": "#7"}
			}
		},
		{
			"from": [5, 14.22, 13.5],
			"to": [5.2, 14.42, 15.4],
			"rotation": {"angle": 0, "axis": "y", "origin": [13, 22, 23]},
			"faces": {
				"north": {"uv": [0, 0, 0.59988, 15.97488], "texture": "#7"},
				"east": {"uv": [0, 0, 2.33425, 15.97353], "texture": "#7"},
				"south": {"uv": [0, 0, 4.16578, 11.43006], "texture": "#7"},
				"west": {"uv": [0, 0, 9.63044, 15.97353], "texture": "#7"},
				"up": {"uv": [0, 0, 1.06184, 15.99797], "texture": "#7"},
				"down": {"uv": [0, 0, 0.58153, 15.99797], "texture": "#7"}
			}
		},
		{
			"from": [13, 8.5, -0.4],
			"to": [13.2, 8.9, -0.2],
			"rotation": {"angle": 0, "axis": "x", "origin": [21, 1, 7]},
			"faces": {
				"north": {"uv": [0, 0, 1.70178, 15.97963], "rotation": 180, "texture": "#7"},
				"east": {"uv": [0, 0, 4.10803, 15.97353], "rotation": 270, "texture": "#7"},
				"south": {"uv": [0, 0, 0.00625, 0.0125], "texture": "#missing"},
				"west": {"uv": [0, 0, 4.84375, 15.97353], "rotation": 90, "texture": "#7"},
				"up": {"uv": [0, 0, 7.04553, 15.97353], "rotation": 180, "texture": "#7"},
				"down": {"uv": [0, 0, 0.00625, 0.00625], "texture": "#missing"}
			}
		},
		{
			"from": [10, 8.5, -0.4],
			"to": [10.2, 8.9, -0.2],
			"rotation": {"angle": 0, "axis": "x", "origin": [18, 1, 7]},
			"faces": {
				"north": {"uv": [0, 0, 1.70178, 15.97963], "rotation": 180, "texture": "#7"},
				"east": {"uv": [0, 0, 4.10803, 15.97353], "rotation": 270, "texture": "#7"},
				"south": {"uv": [0, 0, 0.00625, 0.0125], "texture": "#missing"},
				"west": {"uv": [0, 0, 4.84375, 15.97353], "rotation": 90, "texture": "#7"},
				"up": {"uv": [0, 0, 7.04553, 15.97353], "rotation": 180, "texture": "#7"},
				"down": {"uv": [0, 0, 0.00625, 0.00625], "texture": "#missing"}
			}
		},
		{
			"from": [4, 14.22, -0.4],
			"to": [4.2, 14.62, -0.2],
			"rotation": {"angle": 0, "axis": "x", "origin": [12, 7, 7]},
			"faces": {
				"north": {"uv": [0, 0, 1.70178, 15.97963], "rotation": 180, "texture": "#7"},
				"east": {"uv": [0, 0, 4.10803, 15.97353], "rotation": 270, "texture": "#7"},
				"south": {"uv": [0, 0, 0.00625, 0.0125], "texture": "#missing"},
				"west": {"uv": [0, 0, 4.84375, 15.97353], "rotation": 90, "texture": "#7"},
				"up": {"uv": [0, 0, 7.04553, 15.97353], "rotation": 180, "texture": "#7"},
				"down": {"uv": [0, 0, 0.00625, 0.00625], "texture": "#missing"}
			}
		},
		{
			"from": [10, 8.22, 16],
			"to": [10.2, 8.62, 16.2],
			"rotation": {"angle": 0, "axis": "y", "origin": [18, 16, 25]},
			"faces": {
				"north": {"uv": [0, 0, 1.70178, 15.97963], "rotation": 180, "texture": "#7"},
				"east": {"uv": [0, 0, 4.10803, 15.97353], "rotation": 270, "texture": "#7"},
				"south": {"uv": [0, 0, 4.16578, 11.43006], "texture": "#7"},
				"west": {"uv": [0, 0, 4.84375, 15.97353], "rotation": 90, "texture": "#7"},
				"up": {"uv": [0, 0, 7.04553, 15.97353], "rotation": 180, "texture": "#7"},
				"down": {"uv": [0, 0, 0.00625, 0.00625], "texture": "#missing"}
			}
		},
		{
			"from": [13, 8.22, 16],
			"to": [13.2, 8.62, 16.2],
			"rotation": {"angle": 0, "axis": "y", "origin": [21, 16, 25]},
			"faces": {
				"north": {"uv": [0, 0, 1.70178, 15.97963], "rotation": 180, "texture": "#7"},
				"east": {"uv": [0, 0, 4.10803, 15.97353], "rotation": 270, "texture": "#7"},
				"south": {"uv": [0, 0, 4.16578, 11.43006], "texture": "#7"},
				"west": {"uv": [0, 0, 4.84375, 15.97353], "rotation": 90, "texture": "#7"},
				"up": {"uv": [0, 0, 7.04553, 15.97353], "rotation": 180, "texture": "#7"},
				"down": {"uv": [0, 0, 0.00625, 0.00625], "texture": "#missing"}
			}
		},
		{
			"from": [5, 14.22, 15.4],
			"to": [5.2, 14.62, 15.6],
			"rotation": {"angle": 0, "axis": "y", "origin": [13, 22, 25]},
			"faces": {
				"north": {"uv": [0, 0, 1.70178, 15.97963], "rotation": 180, "texture": "#7"},
				"east": {"uv": [0, 0, 4.10803, 15.97353], "rotation": 270, "texture": "#7"},
				"south": {"uv": [0, 0, 4.16578, 11.43006], "texture": "#7"},
				"west": {"uv": [0, 0, 4.84375, 15.97353], "rotation": 90, "texture": "#7"},
				"up": {"uv": [0, 0, 7.04553, 15.97353], "rotation": 180, "texture": "#7"},
				"down": {"uv": [0, 0, 0.00625, 0.00625], "texture": "#missing"}
			}
		}
	],
	"display": {
		"thirdperson_righthand": {
			"scale": [0.38, 0.39, 0.38]
		},
		"thirdperson_lefthand": {
			"scale": [0.38, 0.37, 0.39]
		},
		"firstperson_righthand": {
			"scale": [0.51, 0.51, 0.51]
		},
		"firstperson_lefthand": {
			"scale": [0.38, 0.39, 0.3]
		},
		"ground": {
			"scale": [0.36, 0.36, 0.35]
		},
		"gui": {
			"rotation": [12, 24, 0],
			"translation": [0, 0.25, 0],
			"scale": [0.65, 0.64, 0.66]
		}
	},
	"groups": [
		{
			"name": "voxel_file",
			"origin": [8, 8, 8],
			"color": 0,
			"children": [
				0,
				1,
				2,
				3,
				4,
				5,
				6,
				7,
				8,
				9,
				10,
				11,
				12,
				13,
				14,
				15,
				16,
				17,
				18,
				19,
				20,
				21,
				22,
				23,
				24,
				25,
				26,
				27,
				28,
				29,
				30,
				31,
				32,
				33,
				34,
				35,
				36,
				37,
				38,
				39,
				40,
				41,
				42,
				43,
				44,
				45,
				46,
				47
			]
		},
		48,
		49,
		50,
		51,
		52,
		53,
		54,
		55,
		56,
		57,
		58,
		59,
		60,
		61
	]
}