{
	"credit": "Made with Blockbench",
	"texture_size": [512, 512],
	"textures": {
		"0": "block/luna_models/side",
		"2": "block/luna_models/juketop",
		"3": "block/luna_models/screw",
		"4": "block/luna_models/jukeligght",
		"5": "block/luna_models/vinyl",
		"6": "block/luna_models/ironbars",
		"7": "block/luna_models/spk",
		"8": "block/luna_models/brass",
		"9": "block/luna_models/meter",
		"10": "block/luna_models/scale",
		"11": "block/luna_models/darkmetal",
		"particle": "block/luna_models/side"
	},
	"elements": [
		{
			"from": [0, 1, 0],
			"to": [1, 15, 1],
			"rotation": {"angle": 0, "axis": "y", "origin": [8, 9, 8]},
			"faces": {
				"north": {"uv": [4.625, 0.01222, 8.94363, 16], "texture": "#11"},
				"east": {"uv": [4.75, 0, 7.85259, 15.98778], "texture": "#11"},
				"south": {"uv": [9, 0, 9.67122, 15.98778], "texture": "#11"},
				"west": {"uv": [7.25, 0, 8.01769, 16], "texture": "#11"},
				"up": {"uv": [0, 0, 0.03125, 0.03125], "texture": "#11"},
				"down": {"uv": [0, 0, 0.03125, 0.03125], "texture": "#11"}
			}
		},
		{
			"from": [15, 1, 0],
			"to": [16, 15, 1],
			"rotation": {"angle": 0, "axis": "y", "origin": [7, 9, 8]},
			"faces": {
				"north": {"uv": [8, 0, 8.99184, 16], "texture": "#11"},
				"east": {"uv": [11.10938, 0.03194, 11.75, 16], "texture": "#11"},
				"south": {"uv": [5.75, 0, 6.35666, 15.98778], "texture": "#11"},
				"west": {"uv": [7.5, 0, 10.18684, 15.98778], "texture": "#11"},
				"up": {"uv": [0, 0, 0.03125, 0.03125], "texture": "#11"},
				"down": {"uv": [0, 0, 0.03125, 0.03125], "texture": "#11"}
			}
		},
		{
			"from": [0, 1, 15],
			"to": [1, 15, 16],
			"rotation": {"angle": 0, "axis": "y", "origin": [8, 9, 23]},
			"faces": {
				"north": {"uv": [5.625, 0, 8.95178, 15.98778], "texture": "#11"},
				"east": {"uv": [8.375, 0, 9.65422, 15.98778], "texture": "#11"},
				"south": {"uv": [5.875, 0, 10.48234, 16], "texture": "#11"},
				"west": {"uv": [4.12772, 0.03194, 8.44566, 15.98713], "texture": "#11"},
				"up": {"uv": [0, 0, 0.03125, 0.03125], "texture": "#11"},
				"down": {"uv": [0, 0, 0.03125, 0.03125], "texture": "#11"}
			}
		},
		{
			"from": [15, 1, 15],
			"to": [16, 15, 16],
			"rotation": {"angle": 0, "axis": "y", "origin": [23, 9, 23]},
			"faces": {
				"north": {"uv": [0, 0, 0.03125, 0.5], "texture": "#11"},
				"east": {"uv": [3.625, 2.75, 12.25, 13.5], "texture": "#11"},
				"south": {"uv": [10.875, 0, 5.99663, 15.98778], "texture": "#11"},
				"west": {"uv": [7.125, 0, 9.428, 15.98778], "texture": "#11"},
				"up": {"uv": [0, 0, 0.03125, 0.03125], "texture": "#11"},
				"down": {"uv": [0, 0, 0.03125, 0.03125], "texture": "#11"}
			}
		},
		{
			"from": [1, 0, 0],
			"to": [15, 1, 1],
			"rotation": {"angle": 0, "axis": "y", "origin": [9, 8, 8]},
			"faces": {
				"north": {"uv": [4.125, 0, 11.73031, 15.99866], "texture": "#11"},
				"east": {"uv": [0, 0, 0.03125, 0.03125], "texture": "#11"},
				"south": {"uv": [0, 0, 0.4375, 0.03125], "texture": "#11"},
				"west": {"uv": [0, 0, 0.03125, 0.03125], "texture": "#11"},
				"up": {"uv": [6.125, 0, 9.21809, 15.99866], "texture": "#11"},
				"down": {"uv": [0, 0, 0.4375, 0.03125], "texture": "#11"}
			}
		},
		{
			"from": [1, 0, 1],
			"to": [15, 1, 15],
			"rotation": {"angle": 0, "axis": "y", "origin": [9, 8, 9]},
			"faces": {
				"north": {"uv": [0, 0, 0.4375, 0.03125], "texture": "#0"},
				"east": {"uv": [0, 0, 0.4375, 0.03125], "texture": "#0"},
				"south": {"uv": [0, 0, 0.4375, 0.03125], "texture": "#0"},
				"west": {"uv": [0, 0, 0.4375, 0.03125], "texture": "#0"},
				"up": {"uv": [0, 0, 0.4375, 0.4375], "texture": "#0"},
				"down": {"uv": [0, 0, 15.98913, 15.98913], "texture": "#0"}
			}
		},
		{
			"from": [4, 15.3, 3],
			"to": [14, 15.6, 13],
			"rotation": {"angle": 0, "axis": "y", "origin": [9, 25, 9]},
			"faces": {
				"north": {"uv": [0, 0, 0.4375, 0.03125], "texture": "#5"},
				"east": {"uv": [0, 0, 0.4375, 0.03125], "texture": "#5"},
				"south": {"uv": [0, 0, 0.4375, 0.03125], "texture": "#5"},
				"west": {"uv": [0, 0, 0.4375, 0.03125], "texture": "#5"},
				"up": {"uv": [0, 0, 16, 16], "texture": "#5"},
				"down": {"uv": [0, 0, 0.4375, 0.4375], "texture": "#5"}
			}
		},
		{
			"from": [2, 15.2, 2.5],
			"to": [14.7, 15.5, 13.2],
			"rotation": {"angle": 0, "axis": "y", "origin": [9, 25, 9]},
			"faces": {
				"north": {"uv": [0, 0, 0.4375, 0.03125], "texture": "#11"},
				"east": {"uv": [0, 0, 0.4375, 0.03125], "texture": "#11"},
				"south": {"uv": [0, 0, 0.4375, 0.03125], "texture": "#11"},
				"west": {"uv": [0, 0, 0.4375, 0.03125], "texture": "#11"},
				"up": {"uv": [4.5, 4.5, 11.625, 11], "texture": "#11"},
				"down": {"uv": [0, 0, 0.4375, 0.4375], "texture": "#11"}
			}
		},
		{
			"from": [2, 15.2, 1.5],
			"to": [14.7, 15.5, 2.5],
			"rotation": {"angle": 0, "axis": "y", "origin": [9, 25, 9]},
			"faces": {
				"north": {"uv": [0, 0, 0.4375, 0.03125], "texture": "#6"},
				"east": {"uv": [0, 0, 0.4375, 0.03125], "texture": "#6"},
				"south": {"uv": [0, 0, 0.4375, 0.03125], "texture": "#6"},
				"west": {"uv": [0, 0, 0.4375, 0.03125], "texture": "#6"},
				"up": {"uv": [0.3125, 0.5625, 6.21875, 15.59375], "texture": "#6"},
				"down": {"uv": [0, 0, 0.4375, 0.4375], "texture": "#6"}
			}
		},
		{
			"from": [1, 15, 0.5],
			"to": [15, 15.3, 15],
			"rotation": {"angle": 0, "axis": "y", "origin": [9, 25, 9]},
			"faces": {
				"north": {"uv": [0, 0, 0.4375, 0.03125], "texture": "#0"},
				"east": {"uv": [0, 0, 0.4375, 0.03125], "texture": "#0"},
				"south": {"uv": [0, 0, 0.4375, 0.03125], "texture": "#0"},
				"west": {"uv": [0, 0, 0.4375, 0.03125], "texture": "#0"},
				"up": {"uv": [0, 0, 16, 16], "texture": "#0"},
				"down": {"uv": [0, 0, 0.4375, 0.4375], "texture": "#0"}
			}
		},
		{
			"from": [1, 15, 0],
			"to": [15, 16, 1],
			"rotation": {"angle": 0, "axis": "y", "origin": [9, 23, 8]},
			"faces": {
				"north": {"uv": [3.25, 3.0625, 8.42666, 12.37366], "texture": "#11"},
				"east": {"uv": [0, 0, 0.03125, 0.03125], "texture": "#11"},
				"south": {"uv": [0, 0, 0.4375, 0.03125], "texture": "#11"},
				"west": {"uv": [0, 0, 0.03125, 0.03125], "texture": "#11"},
				"up": {"uv": [8.79959, 0, 9.93888, 15.99663], "rotation": 270, "texture": "#11"},
				"down": {"uv": [4.625, 0, 10.97622, 15.99866], "texture": "#11"}
			}
		},
		{
			"from": [0.5, 14, 0.5],
			"to": [0.8, 15.3, 15.5],
			"rotation": {"angle": 0, "axis": "y", "origin": [8, 12.5, 0.5]},
			"faces": {
				"north": {"uv": [0, 0, 0.03125, 0.03125], "texture": "#4"},
				"east": {"uv": [0, 0, 0.4375, 0.03125], "texture": "#4"},
				"south": {"uv": [0, 0, 0.03125, 0.03125], "texture": "#4"},
				"west": {"uv": [0, 6.6875, 5.17666, 15.99866], "texture": "#4"},
				"up": {"uv": [8.79959, 0, 9.93888, 15.99663], "rotation": 180, "texture": "#4"},
				"down": {"uv": [0, 0, 10.10122, 15.99866], "rotation": 90, "texture": "#4"}
			}
		},
		{
			"from": [15.5, 14, 0.5],
			"to": [15.8, 15.3, 15.5],
			"rotation": {"angle": 0, "axis": "y", "origin": [8, 12.5, 0.5]},
			"faces": {
				"north": {"uv": [0, 0, 0.03125, 0.03125], "texture": "#4"},
				"east": {"uv": [0, 0, 0.4375, 0.03125], "texture": "#4"},
				"south": {"uv": [0, 0, 0.03125, 0.03125], "texture": "#4"},
				"west": {"uv": [0, 6.6875, 5.17666, 15.99866], "texture": "#4"},
				"up": {"uv": [8.79959, 0, 9.93888, 15.99663], "rotation": 180, "texture": "#4"},
				"down": {"uv": [0, 0, 10.10122, 15.99866], "rotation": 90, "texture": "#4"}
			}
		},
		{
			"from": [1, 15, 15],
			"to": [15, 16, 16],
			"rotation": {"angle": 0, "axis": "y", "origin": [9, 23, 23]},
			"faces": {
				"north": {"uv": [3.5, 3, 12.48913, 12.62366], "texture": "#11"},
				"east": {"uv": [3.875, 3.875, 11.49866, 11.99866], "texture": "#11"},
				"south": {"uv": [3, 3.625, 11.98913, 11.74866], "texture": "#11"},
				"west": {"uv": [4.125, 4, 12.49866, 10.87366], "texture": "#11"},
				"up": {"uv": [3.5, 4.125, 10.11413, 12.74866], "texture": "#11"},
				"down": {"uv": [4, 3.625, 12.23913, 12.62366], "texture": "#11"}
			}
		},
		{
			"from": [1, 0, 15],
			"to": [15, 1, 16],
			"rotation": {"angle": 0, "axis": "y", "origin": [9, 8, 23]},
			"faces": {
				"north": {"uv": [0, 0, 0.4375, 0.03125], "texture": "#11"},
				"east": {"uv": [0, 0, 0.03125, 0.03125], "texture": "#11"},
				"south": {"uv": [0, 0, 2.26088, 15.99866], "texture": "#11"},
				"west": {"uv": [0, 0, 0.03125, 0.03125], "texture": "#11"},
				"up": {"uv": [0, 0, 3.38113, 15.99866], "texture": "#11"},
				"down": {"uv": [0, 0, 0.4375, 0.03125], "texture": "#11"}
			}
		},
		{
			"from": [0, 15, 1],
			"to": [1, 16, 15],
			"rotation": {"angle": 0, "axis": "y", "origin": [8, 23, 7]},
			"faces": {
				"north": {"uv": [0, 0, 0.03125, 0.03125], "texture": "#11"},
				"east": {"uv": [0, 0, 0.4375, 0.03125], "texture": "#11"},
				"south": {"uv": [0, 0, 0.03125, 0.03125], "texture": "#11"},
				"west": {"uv": [4.875, 0.03397, 11.75678, 16], "texture": "#11"},
				"up": {"uv": [5.44363, 0.00134, 11.80097, 16], "rotation": 270, "texture": "#11"},
				"down": {"uv": [0, 0, 0.4375, 0.03125], "rotation": 90, "texture": "#11"}
			}
		},
		{
			"name": "Vol2",
			"from": [3.6, 15, 4],
			"to": [3.8, 15.7, 7],
			"rotation": {"angle": 0, "axis": "y", "origin": [8, 23, 7]},
			"faces": {
				"north": {"uv": [0, 0, 0.03125, 0.03125], "texture": "#6"},
				"east": {"uv": [0, 0, 0.4375, 0.03125], "texture": "#6"},
				"south": {"uv": [0, 0, 0.03125, 0.03125], "texture": "#6"},
				"west": {"uv": [3.23166, 0.03194, 15.98844, 15.99797], "texture": "#6"},
				"up": {"uv": [6.94363, 0, 13.30097, 15.99866], "rotation": 270, "texture": "#6"},
				"down": {"uv": [0, 0, 0.4375, 0.03125], "rotation": 90, "texture": "#6"}
			}
		},
		{
			"name": "vol1",
			"from": [3.2, 15, 4],
			"to": [3.4, 15.7, 7],
			"rotation": {"angle": 0, "axis": "y", "origin": [8, 23, 7]},
			"faces": {
				"north": {"uv": [0, 0, 0.03125, 0.03125], "texture": "#6"},
				"east": {"uv": [0, 0, 0.4375, 0.03125], "texture": "#6"},
				"south": {"uv": [0, 0, 0.03125, 0.03125], "texture": "#6"},
				"west": {"uv": [3.23166, 0.03194, 15.98844, 15.99797], "texture": "#6"},
				"up": {"uv": [6.94363, 0, 13.30097, 15.99866], "rotation": 270, "texture": "#6"},
				"down": {"uv": [0, 0, 0.4375, 0.03125], "rotation": 90, "texture": "#6"}
			}
		},
		{
			"name": "Knob",
			"from": [3.2, 15.7, 5.4],
			"to": [3.8, 16, 5.6],
			"rotation": {"angle": 0, "axis": "y", "origin": [3.2, 16.15, 4.5]},
			"faces": {
				"north": {"uv": [9.07732, 8.45178, 9.75114, 9.15028], "texture": "#8"},
				"east": {"uv": [9.20243, 9.78627, 9.23368, 9.81752], "texture": "#8"},
				"south": {"uv": [7.08222, 8.80344, 8.24561, 10.10396], "texture": "#8"},
				"west": {"uv": [6.25543, 9.07732, 6.28668, 9.10857], "texture": "#8"},
				"up": {"uv": [6.94363, 6.32493, 9.68672, 7.50518], "rotation": 180, "texture": "#8"},
				"down": {"uv": [6.08862, 7.82624, 6.52612, 7.85749], "rotation": 180, "texture": "#8"}
			}
		},
		{
			"name": "Knob",
			"from": [3.1, 15.7, 2],
			"to": [3.7, 16, 2.5],
			"rotation": {"angle": 0, "axis": "y", "origin": [3.2, 16.15, 4.5]},
			"faces": {
				"north": {"uv": [9.07732, 8.45178, 9.75114, 9.15028], "texture": "#5"},
				"east": {"uv": [9.20243, 9.78627, 9.23368, 9.81752], "texture": "#5"},
				"south": {"uv": [7.08222, 8.80344, 8.24561, 10.10396], "texture": "#5"},
				"west": {"uv": [6.25543, 9.07732, 6.28668, 9.10857], "texture": "#5"},
				"up": {"uv": [6.94363, 6.32493, 9.68672, 7.50518], "rotation": 180, "texture": "#5"},
				"down": {"uv": [6.08862, 7.82624, 6.52612, 7.85749], "rotation": 180, "texture": "#5"}
			}
		},
		{
			"name": "Knob",
			"from": [4.1, 15.7, 2],
			"to": [4.7, 16, 2.5],
			"rotation": {"angle": 0, "axis": "y", "origin": [3.2, 16.15, 4.5]},
			"faces": {
				"north": {"uv": [9.07732, 8.45178, 9.75114, 9.15028], "texture": "#5"},
				"east": {"uv": [9.20243, 9.78627, 9.23368, 9.81752], "texture": "#5"},
				"south": {"uv": [7.08222, 8.80344, 8.24561, 10.10396], "texture": "#5"},
				"west": {"uv": [6.25543, 9.07732, 6.28668, 9.10857], "texture": "#5"},
				"up": {"uv": [6.94363, 6.32493, 9.68672, 7.50518], "rotation": 180, "texture": "#5"},
				"down": {"uv": [6.08862, 7.82624, 6.52612, 7.85749], "rotation": 180, "texture": "#5"}
			}
		},
		{
			"name": "Knob",
			"from": [5.1, 15.7, 2],
			"to": [5.7, 16, 2.5],
			"rotation": {"angle": 0, "axis": "y", "origin": [3.2, 16.15, 4.5]},
			"faces": {
				"north": {"uv": [9.07732, 8.45178, 9.75114, 9.15028], "texture": "#5"},
				"east": {"uv": [9.20243, 9.78627, 9.23368, 9.81752], "texture": "#5"},
				"south": {"uv": [7.08222, 8.80344, 8.24561, 10.10396], "texture": "#5"},
				"west": {"uv": [6.25543, 9.07732, 6.28668, 9.10857], "texture": "#5"},
				"up": {"uv": [6.94363, 6.32493, 9.68672, 7.50518], "rotation": 180, "texture": "#5"},
				"down": {"uv": [6.08862, 7.82624, 6.52612, 7.85749], "rotation": 180, "texture": "#5"}
			}
		},
		{
			"name": "meter1",
			"from": [12.1, 15.5, 1.7],
			"to": [13.6, 15.6, 2.7],
			"rotation": {"angle": 0, "axis": "y", "origin": [3.2, 16.15, 4.5]},
			"faces": {
				"north": {"uv": [9.07732, 8.45178, 9.75114, 9.15028], "texture": "#5"},
				"east": {"uv": [9.20243, 9.78627, 9.23368, 9.81752], "texture": "#5"},
				"south": {"uv": [7.08222, 8.80344, 8.24561, 10.10396], "texture": "#5"},
				"west": {"uv": [6.25543, 9.07732, 6.28668, 9.10857], "texture": "#5"},
				"up": {"uv": [0, 1.82493, 16, 12.25518], "rotation": 180, "texture": "#9"},
				"down": {"uv": [6.08862, 7.82624, 6.52612, 7.85749], "rotation": 180, "texture": "#5"}
			}
		},
		{
			"name": "meter2",
			"from": [10.1, 15.5, 1.7],
			"to": [11.6, 15.6, 2.7],
			"rotation": {"angle": 0, "axis": "y", "origin": [3.2, 16.15, 4.5]},
			"faces": {
				"north": {"uv": [9.07732, 8.45178, 9.75114, 9.15028], "texture": "#5"},
				"east": {"uv": [9.20243, 9.78627, 9.23368, 9.81752], "texture": "#5"},
				"south": {"uv": [7.08222, 8.80344, 8.24561, 10.10396], "texture": "#5"},
				"west": {"uv": [6.25543, 9.07732, 6.28668, 9.10857], "texture": "#5"},
				"up": {"uv": [0, 1.85618, 16, 12.44268], "rotation": 180, "texture": "#9"},
				"down": {"uv": [6.08862, 7.82624, 6.52612, 7.85749], "rotation": 180, "texture": "#5"}
			}
		},
		{
			"from": [2, 15.2, 13.2],
			"to": [14.7, 15.5, 14.5],
			"rotation": {"angle": 0, "axis": "y", "origin": [8.125, 15.6, 14.2]},
			"faces": {
				"north": {"uv": [0, 0, 0.4375, 0.03125], "texture": "#6"},
				"east": {"uv": [0, 0, 0.4375, 0.03125], "texture": "#6"},
				"south": {"uv": [0, 0, 0.4375, 0.03125], "texture": "#6"},
				"west": {"uv": [0, 0, 0.4375, 0.03125], "texture": "#6"},
				"up": {"uv": [0.3125, 0.5625, 6.21875, 15.59375], "rotation": 180, "texture": "#6"},
				"down": {"uv": [0, 0, 0.4375, 0.4375], "rotation": 180, "texture": "#6"}
			}
		},
		{
			"name": "Knob",
			"from": [11, 15.7, 13.2],
			"to": [11.6, 16, 13.7],
			"rotation": {"angle": 0, "axis": "y", "origin": [8.125, 15.6, 14.2]},
			"faces": {
				"north": {"uv": [7.08222, 8.80344, 8.24561, 10.10396], "texture": "#5"},
				"east": {"uv": [6.25543, 9.07732, 6.28668, 9.10857], "texture": "#5"},
				"south": {"uv": [9.07732, 8.45178, 9.75114, 9.15028], "texture": "#5"},
				"west": {"uv": [9.20243, 9.78627, 9.23368, 9.81752], "texture": "#5"},
				"up": {"uv": [6.94363, 6.32493, 9.68672, 7.50518], "texture": "#5"},
				"down": {"uv": [6.08862, 7.82624, 6.52612, 7.85749], "texture": "#5"}
			}
		},
		{
			"name": "Knob",
			"from": [12, 15.7, 13.2],
			"to": [12.6, 16, 13.7],
			"rotation": {"angle": 0, "axis": "y", "origin": [8.125, 15.6, 14.2]},
			"faces": {
				"north": {"uv": [7.08222, 8.80344, 8.24561, 10.10396], "texture": "#5"},
				"east": {"uv": [6.25543, 9.07732, 6.28668, 9.10857], "texture": "#5"},
				"south": {"uv": [9.07732, 8.45178, 9.75114, 9.15028], "texture": "#5"},
				"west": {"uv": [9.20243, 9.78627, 9.23368, 9.81752], "texture": "#5"},
				"up": {"uv": [6.94363, 6.32493, 9.68672, 7.50518], "texture": "#5"},
				"down": {"uv": [6.08862, 7.82624, 6.52612, 7.85749], "texture": "#5"}
			}
		},
		{
			"name": "Knob",
			"from": [13, 15.7, 13.2],
			"to": [13.6, 16, 13.7],
			"rotation": {"angle": 0, "axis": "y", "origin": [8.125, 15.6, 14.2]},
			"faces": {
				"north": {"uv": [7.08222, 8.80344, 8.24561, 10.10396], "texture": "#5"},
				"east": {"uv": [6.25543, 9.07732, 6.28668, 9.10857], "texture": "#5"},
				"south": {"uv": [9.07732, 8.45178, 9.75114, 9.15028], "texture": "#5"},
				"west": {"uv": [9.20243, 9.78627, 9.23368, 9.81752], "texture": "#5"},
				"up": {"uv": [6.94363, 6.32493, 9.68672, 7.50518], "texture": "#5"},
				"down": {"uv": [6.08862, 7.82624, 6.52612, 7.85749], "texture": "#5"}
			}
		},
		{
			"name": "meter3",
			"from": [3, 15.5, 13],
			"to": [4.5, 15.6, 14],
			"rotation": {"angle": 0, "axis": "y", "origin": [8.125, 15.6, 14.2]},
			"faces": {
				"north": {"uv": [7.08222, 8.80344, 8.24561, 10.10396], "texture": "#5"},
				"east": {"uv": [6.25543, 9.07732, 6.28668, 9.10857], "texture": "#5"},
				"south": {"uv": [9.07732, 8.45178, 9.75114, 9.15028], "texture": "#5"},
				"west": {"uv": [9.20243, 9.78627, 9.23368, 9.81752], "texture": "#5"},
				"up": {"uv": [0, 1.85618, 16, 12.44268], "texture": "#9"},
				"down": {"uv": [6.08862, 7.82624, 6.52612, 7.85749], "texture": "#5"}
			}
		},
		{
			"name": "meter2",
			"from": [5, 15.5, 13],
			"to": [6.5, 15.6, 14],
			"rotation": {"angle": 0, "axis": "y", "origin": [8.125, 15.6, 14.2]},
			"faces": {
				"north": {"uv": [7.08222, 8.80344, 8.24561, 10.10396], "texture": "#5"},
				"east": {"uv": [6.25543, 9.07732, 6.28668, 9.10857], "texture": "#5"},
				"south": {"uv": [9.07732, 8.45178, 9.75114, 9.15028], "texture": "#5"},
				"west": {"uv": [9.20243, 9.78627, 9.23368, 9.81752], "texture": "#5"},
				"up": {"uv": [0, 1.82493, 16, 12.25518], "texture": "#9"},
				"down": {"uv": [6.08862, 7.82624, 6.52612, 7.85749], "texture": "#5"}
			}
		},
		{
			"name": "meter3",
			"from": [2.6, 15.5, 4],
			"to": [3.1, 15.6, 7],
			"rotation": {"angle": 0, "axis": "y", "origin": [3.2, 16.15, 4.5]},
			"faces": {
				"north": {"uv": [9.07732, 8.45178, 9.75114, 9.15028], "texture": "#5"},
				"east": {"uv": [9.20243, 9.78627, 9.23368, 9.81752], "texture": "#5"},
				"south": {"uv": [7.08222, 8.80344, 8.24561, 10.10396], "texture": "#5"},
				"west": {"uv": [6.25543, 9.07732, 6.28668, 9.10857], "texture": "#5"},
				"up": {"uv": [6.21875, 0, 9.25, 16], "rotation": 180, "texture": "#10"},
				"down": {"uv": [6.08862, 7.82624, 6.52612, 7.85749], "rotation": 180, "texture": "#5"}
			}
		},
		{
			"name": "needleend",
			"from": [6.6, 15.7, 5.8],
			"to": [7.1, 16, 6.3],
			"rotation": {"angle": 0, "axis": "y", "origin": [3.2, 16.15, 4.5]},
			"faces": {
				"north": {"uv": [0, 0, 0.4375, 0.03125], "texture": "#8"},
				"east": {"uv": [0, 0, 0.03125, 0.03125], "texture": "#8"},
				"south": {"uv": [3.23166, 0.03194, 15.98844, 15.99797], "texture": "#8"},
				"west": {"uv": [0, 0, 0.03125, 0.03125], "texture": "#8"},
				"up": {"uv": [6.94363, 0, 13.30097, 15.99866], "rotation": 180, "texture": "#8"},
				"down": {"uv": [0, 0, 0.4375, 0.03125], "rotation": 180, "texture": "#8"}
			}
		},
		{
			"name": "needleend",
			"from": [7, 15.7, 6],
			"to": [7.3, 15.8, 6.1],
			"rotation": {"angle": 22.5, "axis": "y", "origin": [7.15, 15.85, 6.05]},
			"faces": {
				"north": {"uv": [0, 0, 0.4375, 0.03125], "texture": "#8"},
				"east": {"uv": [0, 0, 0.03125, 0.03125], "texture": "#8"},
				"south": {"uv": [3.23166, 0.03194, 15.98844, 15.99797], "texture": "#8"},
				"west": {"uv": [0, 0, 0.03125, 0.03125], "texture": "#8"},
				"up": {"uv": [6.94363, 0, 13.30097, 15.99866], "rotation": 180, "texture": "#8"},
				"down": {"uv": [0, 0, 0.4375, 0.03125], "rotation": 180, "texture": "#8"}
			}
		},
		{
			"name": "needle",
			"from": [5.7, 15.7, 7.5],
			"to": [6, 15.9, 11.8],
			"rotation": {"angle": -22.5, "axis": "y", "origin": [4.15, 17.15, 5]},
			"faces": {
				"north": {"uv": [0, 0, 0.03125, 0.03125], "texture": "#6"},
				"east": {"uv": [0, 0, 0.4375, 0.03125], "texture": "#6"},
				"south": {"uv": [0, 0, 0.03125, 0.03125], "texture": "#6"},
				"west": {"uv": [3.23166, 0.03194, 15.98844, 15.99797], "texture": "#6"},
				"up": {"uv": [6.94363, 0, 13.30097, 15.99866], "rotation": 270, "texture": "#6"},
				"down": {"uv": [0, 0, 0.4375, 0.03125], "rotation": 90, "texture": "#6"}
			}
		},
		{
			"name": "needle2",
			"from": [6.55, 15.7, 4],
			"to": [6.85, 15.9, 6.75],
			"rotation": {"angle": -45, "axis": "y", "origin": [4.15, 17.15, 5]},
			"faces": {
				"north": {"uv": [0, 0, 0.03125, 0.03125], "texture": "#6"},
				"east": {"uv": [0, 0, 0.4375, 0.03125], "texture": "#6"},
				"south": {"uv": [0, 0, 0.03125, 0.03125], "texture": "#6"},
				"west": {"uv": [3.23166, 0.03194, 15.98844, 15.99797], "texture": "#6"},
				"up": {"uv": [6.94363, 0, 13.30097, 15.99866], "rotation": 270, "texture": "#6"},
				"down": {"uv": [0, 0, 0.4375, 0.03125], "rotation": 90, "texture": "#6"}
			}
		},
		{
			"from": [0, 0, 1],
			"to": [1, 1, 15],
			"rotation": {"angle": 0, "axis": "y", "origin": [8, 8, 7]},
			"faces": {
				"north": {"uv": [0, 0, 0.03125, 0.03125], "texture": "#11"},
				"east": {"uv": [0, 0, 0.4375, 0.03125], "texture": "#11"},
				"south": {"uv": [0, 0, 0.03125, 0.03125], "texture": "#11"},
				"west": {"uv": [5.375, 0.00134, 10.80434, 16], "texture": "#11"},
				"up": {"uv": [8.875, 0, 10.52788, 15.99866], "rotation": 270, "texture": "#11"},
				"down": {"uv": [0, 0, 0.4375, 0.03125], "rotation": 90, "texture": "#11"}
			}
		},
		{
			"from": [15, 0, 1],
			"to": [16, 1, 15],
			"rotation": {"angle": 0, "axis": "y", "origin": [23, 8, 7]},
			"faces": {
				"north": {"uv": [0, 0, 0.03125, 0.03125], "texture": "#11"},
				"east": {"uv": [6.625, 0, 9.52512, 15.99866], "texture": "#11"},
				"south": {"uv": [0, 0, 0.03125, 0.03125], "texture": "#11"},
				"west": {"uv": [0, 0, 0.4375, 0.03125], "texture": "#11"},
				"up": {"uv": [6.75, 0, 9.68275, 15.99866], "rotation": 270, "texture": "#11"},
				"down": {"uv": [0, 0, 0.4375, 0.03125], "rotation": 90, "texture": "#11"}
			}
		},
		{
			"from": [15, 15, 1],
			"to": [16, 16, 15],
			"rotation": {"angle": 0, "axis": "y", "origin": [23, 23, 7]},
			"faces": {
				"north": {"uv": [0, 0, 0.03125, 0.03125], "texture": "#11"},
				"east": {"uv": [4.75, 3.625, 11.75, 10.75], "texture": "#11"},
				"south": {"uv": [0, 0, 0.03125, 0.03125], "texture": "#11"},
				"west": {"uv": [0, 0, 0.4375, 0.03125], "texture": "#11"},
				"up": {"uv": [4.06388, 0, 9.94022, 15.99663], "rotation": 270, "texture": "#11"},
				"down": {"uv": [5.25, 0.00134, 8.56728, 16], "rotation": 90, "texture": "#11"}
			}
		},
		{
			"from": [15, 1, 1],
			"to": [15, 14, 15],
			"rotation": {"angle": 0, "axis": "y", "origin": [23, 9, 9]},
			"faces": {
				"north": {"uv": [0, 0, 5.3125, 6.375], "texture": "#7"},
				"east": {"uv": [0, 0, 16, 16], "texture": "#7"},
				"south": {"uv": [0, 0, 5.3125, 6.375], "texture": "#7"},
				"west": {"uv": [0, 0, 16, 16], "texture": "#7"},
				"up": {"uv": [0, 0, 5.3125, 6.375], "texture": "#7"},
				"down": {"uv": [0, 0, 5.3125, 6.375], "texture": "#7"}
			}
		},
		{
			"from": [0.8, 1, 1],
			"to": [0.8, 14, 15],
			"rotation": {"angle": 0, "axis": "y", "origin": [9, 9, 9]},
			"faces": {
				"north": {"uv": [0, 0, 7.28125, 6.53125], "texture": "#7"},
				"east": {"uv": [0, 0, 16, 16], "texture": "#7"},
				"south": {"uv": [0, 0, 7.28125, 6.53125], "texture": "#7"},
				"west": {"uv": [0, 0, 16, 16], "texture": "#7"},
				"up": {"uv": [0, 0, 7.28125, 6.53125], "texture": "#7"},
				"down": {"uv": [0, 0, 7.28125, 6.53125], "texture": "#7"}
			}
		},
		{
			"from": [1, 1, 2],
			"to": [15, 13, 2],
			"rotation": {"angle": 0, "axis": "y", "origin": [9, 9, -7]},
			"faces": {
				"north": {"uv": [0, 0, 16, 16], "texture": "#7"},
				"east": {"uv": [0, 0, 6.4375, 6.25], "texture": "#7"},
				"south": {"uv": [0, 0, 16, 16], "texture": "#7"},
				"west": {"uv": [0, 0, 6.4375, 6.25], "texture": "#7"},
				"up": {"uv": [0, 0, 6.4375, 6.25], "rotation": 270, "texture": "#7"},
				"down": {"uv": [0, 0, 6.4375, 6.25], "rotation": 90, "texture": "#7"}
			}
		},
		{
			"from": [1, 1, 15],
			"to": [15, 13, 15],
			"rotation": {"angle": 0, "axis": "y", "origin": [9, 9, -7]},
			"faces": {
				"north": {"uv": [0, 0, 16, 16], "texture": "#7"},
				"east": {"uv": [0, 0, 10.59375, 10.65625], "texture": "#7"},
				"south": {"uv": [0, 0, 16, 16], "texture": "#7"},
				"west": {"uv": [0, 0, 10.59375, 10.65625], "texture": "#7"},
				"up": {"uv": [0, 0, 10.59375, 10.65625], "rotation": 270, "texture": "#7"},
				"down": {"uv": [0, 0, 10.59375, 10.65625], "rotation": 90, "texture": "#7"}
			}
		},
		{
			"from": [0, 0, 0],
			"to": [1, 1, 1],
			"faces": {
				"north": {"uv": [5.375, 5.375, 9.78128, 11.28128], "texture": "#11"},
				"east": {"uv": [0, 0, 0.03125, 0.03125], "texture": "#11"},
				"south": {"uv": [0, 0, 0.03125, 0.03125], "texture": "#11"},
				"west": {"uv": [4.375, 3.75, 12.40628, 11.53128], "texture": "#11"},
				"up": {"uv": [0, 0, 0.03125, 0.03125], "texture": "#11"},
				"down": {"uv": [5.25, 4.375, 11.03128, 11.15628], "texture": "#11"}
			}
		},
		{
			"from": [0, 0, 15],
			"to": [1, 1, 16],
			"rotation": {"angle": 0, "axis": "y", "origin": [8, 8, 23]},
			"faces": {
				"north": {"uv": [5.25, 3.25, 10.28128, 11.15628], "texture": "#11"},
				"east": {"uv": [4, 3.875, 11.65628, 11.53128], "texture": "#11"},
				"south": {"uv": [5.625, 4.75, 11.65628, 9.53128], "texture": "#11"},
				"west": {"uv": [4, 3.375, 11.15628, 10.78128], "texture": "#11"},
				"up": {"uv": [5, 3.25, 11.78128, 9.78128], "texture": "#11"},
				"down": {"uv": [4.375, 4, 11.65628, 11.15628], "texture": "#11"}
			}
		},
		{
			"from": [0, 15, 0],
			"to": [1, 16, 1],
			"rotation": {"angle": 0, "axis": "y", "origin": [8, 23, 8]},
			"faces": {
				"north": {"uv": [5.125, 4.125, 11.53128, 9.53128], "texture": "#11"},
				"east": {"uv": [3.875, 3, 12.40628, 12.15628], "texture": "#11"},
				"south": {"uv": [4.125, 2.875, 11.65628, 11.65628], "texture": "#11"},
				"west": {"uv": [3.25, 3.375, 12.65628, 11.65628], "texture": "#11"},
				"up": {"uv": [3.75, 3.625, 11.90628, 12.03128], "texture": "#11"},
				"down": {"uv": [4.25, 2.375, 11.65628, 11.53128], "texture": "#11"}
			}
		},
		{
			"from": [0, 15, 15],
			"to": [1, 16, 16],
			"rotation": {"angle": 0, "axis": "y", "origin": [8, 23, 23]},
			"faces": {
				"north": {"uv": [4, 3.625, 11.90628, 11.78128], "texture": "#11"},
				"east": {"uv": [4.375, 4, 12.03128, 11.90628], "texture": "#11"},
				"south": {"uv": [3.5, 3.5, 12.40628, 12.15628], "texture": "#11"},
				"west": {"uv": [4, 2.875, 12.03128, 12.65628], "texture": "#11"},
				"up": {"uv": [4.125, 3.5, 12.15628, 11.65628], "texture": "#11"},
				"down": {"uv": [3.625, 3.125, 12.78128, 12.53128], "texture": "#11"}
			}
		},
		{
			"from": [15, 15, 0],
			"to": [16, 16, 1],
			"rotation": {"angle": 0, "axis": "y", "origin": [23, 23, 8]},
			"faces": {
				"north": {"uv": [4.25, 4.25, 8.53128, 10.53128], "texture": "#11"},
				"east": {"uv": [0, 0, 15.90628, 15.90628], "texture": "#11"},
				"south": {"uv": [0, 0, 15.90628, 15.90628], "texture": "#11"},
				"west": {"uv": [0, 0, 15.90628, 15.90628], "texture": "#11"},
				"up": {"uv": [4.25, 2.46872, 12.53128, 12.375], "texture": "#11"},
				"down": {"uv": [4.5, 3, 12.03128, 11.40628], "texture": "#11"}
			}
		},
		{
			"from": [15, 15, 15],
			"to": [16, 16, 16],
			"rotation": {"angle": 0, "axis": "y", "origin": [23, 23, 23]},
			"faces": {
				"north": {"uv": [3.875, 4, 11.40628, 10.78128], "texture": "#11"},
				"east": {"uv": [4.25, 3.75, 11.90628, 11.40628], "texture": "#11"},
				"south": {"uv": [3.75, 2.625, 11.40628, 13.15628], "texture": "#11"},
				"west": {"uv": [3.125, 4.125, 11.53128, 12.28128], "texture": "#11"},
				"up": {"uv": [4, 3.25, 11.53128, 11.65628], "texture": "#11"},
				"down": {"uv": [4.5, 3.625, 10.78128, 10.90628], "texture": "#11"}
			}
		},
		{
			"from": [15, 0, 15],
			"to": [16, 1, 16],
			"rotation": {"angle": 0, "axis": "y", "origin": [23, 8, 23]},
			"faces": {
				"north": {"uv": [0, 0, 0.03125, 0.03125], "texture": "#11"},
				"east": {"uv": [2.375, 4.5, 12.90628, 11.53128], "texture": "#11"},
				"south": {"uv": [4.875, 3.5, 10.65628, 11.28128], "texture": "#11"},
				"west": {"uv": [0, 0, 0.03125, 0.03125], "texture": "#11"},
				"up": {"uv": [0, 0, 0.03125, 0.03125], "texture": "#11"},
				"down": {"uv": [4.25, 3, 11.90628, 12.78128], "texture": "#11"}
			}
		},
		{
			"from": [15, 0, 0],
			"to": [16, 1, 1],
			"rotation": {"angle": 0, "axis": "y", "origin": [23, 8, 8]},
			"faces": {
				"north": {"uv": [4.25, 3.625, 12.03128, 11.53128], "texture": "#11"},
				"east": {"uv": [4.625, 2.625, 11.78128, 12.53128], "texture": "#11"},
				"south": {"uv": [0, 0, 0.03125, 0.03125], "texture": "#11"},
				"west": {"uv": [0, 0, 0.03125, 0.03125], "texture": "#11"},
				"up": {"uv": [0, 0, 0.03125, 0.03125], "texture": "#11"},
				"down": {"uv": [4.75, 4, 12.15628, 12.03128], "texture": "#11"}
			}
		},
		{
			"name": "hexadecagon",
			"from": [1, 13.80109, 0],
			"to": [15, 14.19891, 2],
			"rotation": {"angle": -45, "axis": "x", "origin": [8, 14, 1]},
			"faces": {
				"north": {"uv": [0, 0, 16, 1.78125], "texture": "#4"},
				"east": {"uv": [16, 13.8125, 0, 15.59375], "texture": "#4"},
				"south": {"uv": [16, 8.0625, 0, 10.34375], "texture": "#4"},
				"west": {"uv": [0.125, 11.125, 16, 12.96875], "texture": "#4"},
				"up": {"uv": [16, 5.5625, 0, 7.4375], "texture": "#4"},
				"down": {"uv": [0, 3.0625, 16, 4.84375], "texture": "#4"}
			}
		},
		{
			"name": "hexadecagon",
			"from": [1, 13.80109, 0],
			"to": [15, 14.19891, 2],
			"rotation": {"angle": -22.5, "axis": "x", "origin": [8, 14, 1]},
			"faces": {
				"north": {"uv": [0, 0, 16, 1.78125], "texture": "#4"},
				"east": {"uv": [16, 13.8125, 0, 15.59375], "texture": "#4"},
				"south": {"uv": [16, 8.0625, 0, 10.34375], "texture": "#4"},
				"west": {"uv": [0.125, 11.125, 16, 12.96875], "texture": "#4"},
				"up": {"uv": [16, 5.5625, 0, 7.4375], "texture": "#4"},
				"down": {"uv": [0, 3.0625, 16, 4.84375], "texture": "#4"}
			}
		},
		{
			"name": "hexadecagon",
			"from": [1, 13.80109, 0],
			"to": [15, 14.19891, 2],
			"rotation": {"angle": 0, "axis": "y", "origin": [8, 14, 1]},
			"faces": {
				"north": {"uv": [0, 0, 16, 1.78125], "texture": "#4"},
				"east": {"uv": [16, 13.8125, 0, 15.59375], "texture": "#4"},
				"south": {"uv": [16, 8.0625, 0, 10.34375], "texture": "#4"},
				"west": {"uv": [0.125, 11.125, 16, 12.96875], "texture": "#4"},
				"up": {"uv": [16, 5.5625, 0, 7.4375], "texture": "#4"},
				"down": {"uv": [0, 3.0625, 16, 4.84375], "texture": "#4"}
			}
		},
		{
			"name": "hexadecagon",
			"from": [1, 13.80109, 0],
			"to": [15, 14.19891, 2],
			"rotation": {"angle": 22.5, "axis": "x", "origin": [8, 14, 1]},
			"faces": {
				"north": {"uv": [0, 0, 16, 1.78125], "texture": "#4"},
				"east": {"uv": [16, 13.8125, 0, 15.59375], "texture": "#4"},
				"south": {"uv": [16, 8.0625, 0, 10.34375], "texture": "#4"},
				"west": {"uv": [0.125, 11.125, 16, 12.96875], "texture": "#4"},
				"up": {"uv": [16, 5.5625, 0, 7.4375], "texture": "#4"},
				"down": {"uv": [0, 3.0625, 16, 4.84375], "texture": "#4"}
			}
		},
		{
			"name": "hexadecagon",
			"from": [1, 13.80109, 0],
			"to": [15, 14.19891, 2],
			"rotation": {"angle": 45, "axis": "x", "origin": [8, 14, 1]},
			"faces": {
				"north": {"uv": [0, 0, 16, 1.78125], "texture": "#4"},
				"east": {"uv": [16, 13.8125, 0, 15.59375], "texture": "#4"},
				"south": {"uv": [16, 8.0625, 0, 10.34375], "texture": "#4"},
				"west": {"uv": [0.125, 11.125, 16, 12.96875], "texture": "#4"},
				"up": {"uv": [16, 5.5625, 0, 7.4375], "texture": "#4"},
				"down": {"uv": [0, 3.0625, 16, 4.84375], "texture": "#4"}
			}
		},
		{
			"name": "hexadecagon",
			"from": [1, 13, 0.80109],
			"to": [15, 15, 1.19891],
			"rotation": {"angle": -22.5, "axis": "x", "origin": [8, 14, 1]},
			"faces": {
				"north": {"uv": [0, 0, 16, 1.78125], "texture": "#4"},
				"east": {"uv": [16, 13.8125, 0, 15.59375], "texture": "#4"},
				"south": {"uv": [16, 8.0625, 0, 10.34375], "texture": "#4"},
				"west": {"uv": [0.125, 11.125, 16, 12.96875], "texture": "#4"},
				"up": {"uv": [16, 5.5625, 0, 7.4375], "texture": "#4"},
				"down": {"uv": [0, 3.0625, 16, 4.84375], "texture": "#4"}
			}
		},
		{
			"name": "hexadecagon",
			"from": [1, 13, 0.80109],
			"to": [15, 15, 1.19891],
			"rotation": {"angle": 0, "axis": "y", "origin": [8, 14, 1]},
			"faces": {
				"north": {"uv": [0, 0, 16, 1.78125], "texture": "#4"},
				"east": {"uv": [16, 13.8125, 0, 15.59375], "texture": "#4"},
				"south": {"uv": [16, 8.0625, 0, 10.34375], "texture": "#4"},
				"west": {"uv": [0.125, 11.125, 16, 12.96875], "texture": "#4"},
				"up": {"uv": [16, 5.5625, 0, 7.4375], "texture": "#4"},
				"down": {"uv": [0, 3.0625, 16, 4.84375], "texture": "#4"}
			}
		},
		{
			"name": "hexadecagon",
			"from": [1, 13, 0.80109],
			"to": [15, 15, 1.19891],
			"rotation": {"angle": 22.5, "axis": "x", "origin": [8, 14, 1]},
			"faces": {
				"north": {"uv": [0, 0, 16, 1.78125], "texture": "#4"},
				"east": {"uv": [16, 13.8125, 0, 15.59375], "texture": "#4"},
				"south": {"uv": [16, 8.0625, 0, 10.34375], "texture": "#4"},
				"west": {"uv": [0.125, 11.125, 16, 12.96875], "texture": "#4"},
				"up": {"uv": [16, 5.5625, 0, 7.4375], "texture": "#4"},
				"down": {"uv": [0, 3.0625, 16, 4.84375], "texture": "#4"}
			}
		},
		{
			"name": "hexadecagon",
			"from": [1, 13.80109, 14],
			"to": [15, 14.19891, 16],
			"rotation": {"angle": -45, "axis": "x", "origin": [8, 14, 15]},
			"faces": {
				"north": {"uv": [0, 0, 16, 1.78125], "texture": "#4"},
				"east": {"uv": [16, 13.8125, 0, 15.59375], "texture": "#4"},
				"south": {"uv": [16, 8.0625, 0, 10.34375], "texture": "#4"},
				"west": {"uv": [0.125, 11.125, 16, 12.96875], "texture": "#4"},
				"up": {"uv": [16, 5.5625, 0, 7.4375], "texture": "#4"},
				"down": {"uv": [0, 3.0625, 16, 4.84375], "texture": "#4"}
			}
		},
		{
			"name": "hexadecagon",
			"from": [1, 13.80109, 14],
			"to": [15, 14.19891, 16],
			"rotation": {"angle": -22.5, "axis": "x", "origin": [8, 14, 15]},
			"faces": {
				"north": {"uv": [0, 0, 16, 1.78125], "texture": "#4"},
				"east": {"uv": [16, 13.8125, 0, 15.59375], "texture": "#4"},
				"south": {"uv": [16, 8.0625, 0, 10.34375], "texture": "#4"},
				"west": {"uv": [0.125, 11.125, 16, 12.96875], "texture": "#4"},
				"up": {"uv": [16, 5.5625, 0, 7.4375], "texture": "#4"},
				"down": {"uv": [0, 3.0625, 16, 4.84375], "texture": "#4"}
			}
		},
		{
			"name": "hexadecagon",
			"from": [1, 13.80109, 14],
			"to": [15, 14.19891, 16],
			"rotation": {"angle": 0, "axis": "y", "origin": [8, 14, 15]},
			"faces": {
				"north": {"uv": [0, 0, 16, 1.78125], "texture": "#4"},
				"east": {"uv": [16, 13.8125, 0, 15.59375], "texture": "#4"},
				"south": {"uv": [16, 8.0625, 0, 10.34375], "texture": "#4"},
				"west": {"uv": [0.125, 11.125, 16, 12.96875], "texture": "#4"},
				"up": {"uv": [16, 5.5625, 0, 7.4375], "texture": "#4"},
				"down": {"uv": [0, 3.0625, 16, 4.84375], "texture": "#4"}
			}
		},
		{
			"name": "hexadecagon",
			"from": [1, 13.80109, 14],
			"to": [15, 14.19891, 16],
			"rotation": {"angle": 22.5, "axis": "x", "origin": [8, 14, 15]},
			"faces": {
				"north": {"uv": [0, 0, 16, 1.78125], "texture": "#4"},
				"east": {"uv": [16, 13.8125, 0, 15.59375], "texture": "#4"},
				"south": {"uv": [16, 8.0625, 0, 10.34375], "texture": "#4"},
				"west": {"uv": [0.125, 11.125, 16, 12.96875], "texture": "#4"},
				"up": {"uv": [16, 5.5625, 0, 7.4375], "texture": "#4"},
				"down": {"uv": [0, 3.0625, 16, 4.84375], "texture": "#4"}
			}
		},
		{
			"name": "hexadecagon",
			"from": [1, 13.80109, 14],
			"to": [15, 14.19891, 16],
			"rotation": {"angle": 45, "axis": "x", "origin": [8, 14, 15]},
			"faces": {
				"north": {"uv": [0, 0, 16, 1.78125], "texture": "#4"},
				"east": {"uv": [16, 13.8125, 0, 15.59375], "texture": "#4"},
				"south": {"uv": [16, 8.0625, 0, 10.34375], "texture": "#4"},
				"west": {"uv": [0.125, 11.125, 16, 12.96875], "texture": "#4"},
				"up": {"uv": [16, 5.5625, 0, 7.4375], "texture": "#4"},
				"down": {"uv": [0, 3.0625, 16, 4.84375], "texture": "#4"}
			}
		},
		{
			"name": "hexadecagon",
			"from": [1, 13, 14.80109],
			"to": [15, 15, 15.19891],
			"rotation": {"angle": -22.5, "axis": "x", "origin": [8, 14, 15]},
			"faces": {
				"north": {"uv": [0, 0, 16, 1.78125], "texture": "#4"},
				"east": {"uv": [16, 13.8125, 0, 15.59375], "texture": "#4"},
				"south": {"uv": [16, 8.0625, 0, 10.34375], "texture": "#4"},
				"west": {"uv": [0.125, 11.125, 16, 12.96875], "texture": "#4"},
				"up": {"uv": [16, 5.5625, 0, 7.4375], "texture": "#4"},
				"down": {"uv": [0, 3.0625, 16, 4.84375], "texture": "#4"}
			}
		},
		{
			"name": "hexadecagon",
			"from": [1, 13, 14.80109],
			"to": [15, 15, 15.19891],
			"rotation": {"angle": 0, "axis": "y", "origin": [8, 14, 15]},
			"faces": {
				"north": {"uv": [0, 0, 16, 1.78125], "texture": "#4"},
				"east": {"uv": [16, 13.8125, 0, 15.59375], "texture": "#4"},
				"south": {"uv": [16, 8.0625, 0, 10.34375], "texture": "#4"},
				"west": {"uv": [0.125, 11.125, 16, 12.96875], "texture": "#4"},
				"up": {"uv": [16, 5.5625, 0, 7.4375], "texture": "#4"},
				"down": {"uv": [0, 3.0625, 16, 4.84375], "texture": "#4"}
			}
		},
		{
			"name": "hexadecagon",
			"from": [1, 13, 14.80109],
			"to": [15, 15, 15.19891],
			"rotation": {"angle": 22.5, "axis": "x", "origin": [8, 14, 15]},
			"faces": {
				"north": {"uv": [0, 0, 16, 1.78125], "texture": "#4"},
				"east": {"uv": [16, 13.8125, 0, 15.59375], "texture": "#4"},
				"south": {"uv": [16, 8.0625, 0, 10.34375], "texture": "#4"},
				"west": {"uv": [0.125, 11.125, 16, 12.96875], "texture": "#4"},
				"up": {"uv": [16, 5.5625, 0, 7.4375], "texture": "#4"},
				"down": {"uv": [0, 3.0625, 16, 4.84375], "texture": "#4"}
			}
		},
		{
			"name": "hexadecagon",
			"from": [2.90054, 15.1, 11.5],
			"to": [3.09946, 16.1, 12.5],
			"rotation": {"angle": -45, "axis": "y", "origin": [3, 16, 12]},
			"faces": {
				"north": {"uv": [0, 0, 0.03125, 0.03125], "texture": "#8"},
				"east": {"uv": [0, 0, 0.03125, 0.03125], "texture": "#8"},
				"south": {"uv": [0, 0, 0.03125, 0.03125], "texture": "#8"},
				"west": {"uv": [0, 0, 0.03125, 0.03125], "texture": "#8"},
				"up": {"uv": [0, 0, 0.03125, 0.03125], "texture": "#8"},
				"down": {"uv": [0, 0, 0.03125, 0.03125], "texture": "#8"}
			}
		},
		{
			"name": "hexadecagon",
			"from": [2.90054, 15.1, 11.5],
			"to": [3.09946, 16.1, 12.5],
			"rotation": {"angle": -22.5, "axis": "y", "origin": [3, 16, 12]},
			"faces": {
				"north": {"uv": [0, 0, 0.03125, 0.03125], "texture": "#8"},
				"east": {"uv": [0, 0, 0.03125, 0.03125], "texture": "#8"},
				"south": {"uv": [0, 0, 0.03125, 0.03125], "texture": "#8"},
				"west": {"uv": [0, 0, 0.03125, 0.03125], "texture": "#8"},
				"up": {"uv": [0, 0, 0.03125, 0.03125], "texture": "#8"},
				"down": {"uv": [0, 0, 0.03125, 0.03125], "texture": "#8"}
			}
		},
		{
			"name": "hexadecagon",
			"from": [2.90054, 15.1, 11.5],
			"to": [3.09946, 16.1, 12.5],
			"rotation": {"angle": 0, "axis": "y", "origin": [3, 16, 12]},
			"faces": {
				"north": {"uv": [0, 0, 0.03125, 0.03125], "texture": "#8"},
				"east": {"uv": [0, 0, 0.03125, 0.03125], "texture": "#8"},
				"south": {"uv": [0, 0, 0.03125, 0.03125], "texture": "#8"},
				"west": {"uv": [0, 0, 0.03125, 0.03125], "texture": "#8"},
				"up": {"uv": [0, 0, 0.03125, 0.03125], "texture": "#8"},
				"down": {"uv": [0, 0, 0.03125, 0.03125], "texture": "#8"}
			}
		},
		{
			"name": "hexadecagon",
			"from": [2.90054, 15.1, 11.5],
			"to": [3.09946, 16.1, 12.5],
			"rotation": {"angle": 22.5, "axis": "y", "origin": [3, 16, 12]},
			"faces": {
				"north": {"uv": [0, 0, 0.03125, 0.03125], "texture": "#8"},
				"east": {"uv": [0, 0, 0.03125, 0.03125], "texture": "#8"},
				"south": {"uv": [0, 0, 0.03125, 0.03125], "texture": "#8"},
				"west": {"uv": [0, 0, 0.03125, 0.03125], "texture": "#8"},
				"up": {"uv": [0, 0, 0.03125, 0.03125], "texture": "#8"},
				"down": {"uv": [0, 0, 0.03125, 0.03125], "texture": "#8"}
			}
		},
		{
			"name": "hexadecagon",
			"from": [2.90054, 15.1, 11.5],
			"to": [3.09946, 16.1, 12.5],
			"rotation": {"angle": 45, "axis": "y", "origin": [3, 16, 12]},
			"faces": {
				"north": {"uv": [0, 0, 0.03125, 0.03125], "texture": "#8"},
				"east": {"uv": [0, 0, 0.03125, 0.03125], "texture": "#8"},
				"south": {"uv": [0, 0, 0.03125, 0.03125], "texture": "#8"},
				"west": {"uv": [0, 0, 0.03125, 0.03125], "texture": "#8"},
				"up": {"uv": [0, 0, 0.03125, 0.03125], "texture": "#8"},
				"down": {"uv": [0, 0, 0.03125, 0.03125], "texture": "#8"}
			}
		},
		{
			"name": "hexadecagon",
			"from": [2.5, 15.1, 11.90054],
			"to": [3.5, 16.1, 12.09946],
			"rotation": {"angle": -22.5, "axis": "y", "origin": [3, 16, 12]},
			"faces": {
				"north": {"uv": [0, 0, 0.03125, 0.03125], "texture": "#8"},
				"east": {"uv": [0, 0, 0.03125, 0.03125], "texture": "#8"},
				"south": {"uv": [0, 0, 0.03125, 0.03125], "texture": "#8"},
				"west": {"uv": [0, 0, 0.03125, 0.03125], "texture": "#8"},
				"up": {"uv": [0, 0, 0.03125, 0.03125], "texture": "#8"},
				"down": {"uv": [0, 0, 0.03125, 0.03125], "texture": "#8"}
			}
		},
		{
			"name": "hexadecagon",
			"from": [2.5, 15.1, 11.90054],
			"to": [3.5, 16.1, 12.09946],
			"rotation": {"angle": 0, "axis": "y", "origin": [3, 16, 12]},
			"faces": {
				"north": {"uv": [0, 0, 0.03125, 0.03125], "texture": "#8"},
				"east": {"uv": [0, 0, 0.03125, 0.03125], "texture": "#8"},
				"south": {"uv": [0, 0, 0.03125, 0.03125], "texture": "#8"},
				"west": {"uv": [0, 0, 0.03125, 0.03125], "texture": "#8"},
				"up": {"uv": [0, 0, 0.03125, 0.03125], "texture": "#8"},
				"down": {"uv": [0, 0, 0.03125, 0.03125], "texture": "#8"}
			}
		},
		{
			"name": "hexadecagon",
			"from": [2.5, 15.1, 11.90054],
			"to": [3.5, 16.1, 12.09946],
			"rotation": {"angle": 22.5, "axis": "y", "origin": [3, 16, 12]},
			"faces": {
				"north": {"uv": [0, 0, 0.03125, 0.03125], "texture": "#8"},
				"east": {"uv": [0, 0, 0.03125, 0.03125], "texture": "#8"},
				"south": {"uv": [0, 0, 0.03125, 0.03125], "texture": "#8"},
				"west": {"uv": [0, 0, 0.03125, 0.03125], "texture": "#8"},
				"up": {"uv": [0, 0, 0.03125, 0.03125], "texture": "#8"},
				"down": {"uv": [0, 0, 0.03125, 0.03125], "texture": "#8"}
			}
		},
		{
			"from": [1.8, 1, 1],
			"to": [2.3, 13, 2],
			"rotation": {"angle": 0, "axis": "y", "origin": [8, 9, 8]},
			"faces": {
				"north": {"uv": [0, 0, 4.31863, 15.98778], "texture": "#2"},
				"east": {"uv": [4.75, 0, 7.85259, 15.98778], "texture": "#3"},
				"south": {"uv": [0, 0, 4.31863, 15.98778], "texture": "#2"},
				"west": {"uv": [7.25, 0, 8.01769, 16], "texture": "#3"},
				"up": {"uv": [0, 0, 0.03125, 0.03125], "texture": "#3"},
				"down": {"uv": [0, 0, 0.03125, 0.03125], "texture": "#3"}
			}
		},
		{
			"from": [2.5, 1, 1.5],
			"to": [2.7, 13, 2.5],
			"rotation": {"angle": 0, "axis": "y", "origin": [8, 9, 8]},
			"faces": {
				"north": {"uv": [0, 0, 4.31863, 15.98778], "texture": "#0"},
				"east": {"uv": [4.75, 0, 7.85259, 15.98778], "texture": "#0"},
				"south": {"uv": [0, 0, 4.31863, 15.98778], "texture": "#0"},
				"west": {"uv": [7.25, 0, 8.01769, 16], "texture": "#0"},
				"up": {"uv": [0, 0, 0.03125, 0.03125], "texture": "#0"},
				"down": {"uv": [0, 0, 0.03125, 0.03125], "texture": "#0"}
			}
		},
		{
			"from": [3.65, 1, 1.5],
			"to": [3.85, 13, 2.5],
			"rotation": {"angle": 0, "axis": "y", "origin": [8, 9, 8]},
			"faces": {
				"north": {"uv": [0, 0, 4.31863, 15.98778], "texture": "#0"},
				"east": {"uv": [4.75, 0, 7.85259, 15.98778], "texture": "#0"},
				"south": {"uv": [0, 0, 4.31863, 15.98778], "texture": "#0"},
				"west": {"uv": [7.25, 0, 8.01769, 16], "texture": "#0"},
				"up": {"uv": [0, 0, 0.03125, 0.03125], "texture": "#0"},
				"down": {"uv": [0, 0, 0.03125, 0.03125], "texture": "#0"}
			}
		},
		{
			"from": [4.65, 1, 1.5],
			"to": [4.85, 13, 2.5],
			"rotation": {"angle": 0, "axis": "y", "origin": [8, 9, 8]},
			"faces": {
				"north": {"uv": [0, 0, 4.31863, 15.98778], "texture": "#0"},
				"east": {"uv": [4.75, 0, 7.85259, 15.98778], "texture": "#0"},
				"south": {"uv": [0, 0, 4.31863, 15.98778], "texture": "#0"},
				"west": {"uv": [7.25, 0, 8.01769, 16], "texture": "#0"},
				"up": {"uv": [0, 0, 0.03125, 0.03125], "texture": "#0"},
				"down": {"uv": [0, 0, 0.03125, 0.03125], "texture": "#0"}
			}
		},
		{
			"from": [5.65, 1, 1.5],
			"to": [5.85, 13, 2.5],
			"rotation": {"angle": 0, "axis": "y", "origin": [8, 9, 8]},
			"faces": {
				"north": {"uv": [0, 0, 4.31863, 15.98778], "texture": "#0"},
				"east": {"uv": [4.75, 0, 7.85259, 15.98778], "texture": "#0"},
				"south": {"uv": [0, 0, 4.31863, 15.98778], "texture": "#0"},
				"west": {"uv": [7.25, 0, 8.01769, 16], "texture": "#0"},
				"up": {"uv": [0, 0, 0.03125, 0.03125], "texture": "#0"},
				"down": {"uv": [0, 0, 0.03125, 0.03125], "texture": "#0"}
			}
		},
		{
			"from": [6.65, 1, 1.5],
			"to": [6.85, 13, 2.5],
			"rotation": {"angle": 0, "axis": "y", "origin": [8, 9, 8]},
			"faces": {
				"north": {"uv": [0, 0, 4.31863, 15.98778], "texture": "#0"},
				"east": {"uv": [4.75, 0, 7.85259, 15.98778], "texture": "#0"},
				"south": {"uv": [0, 0, 4.31863, 15.98778], "texture": "#0"},
				"west": {"uv": [7.25, 0, 8.01769, 16], "texture": "#0"},
				"up": {"uv": [0, 0, 0.03125, 0.03125], "texture": "#0"},
				"down": {"uv": [0, 0, 0.03125, 0.03125], "texture": "#0"}
			}
		},
		{
			"from": [7.65, 1, 1.5],
			"to": [7.85, 13, 2.5],
			"rotation": {"angle": 0, "axis": "y", "origin": [8, 9, 8]},
			"faces": {
				"north": {"uv": [0, 0, 4.31863, 15.98778], "texture": "#0"},
				"east": {"uv": [4.75, 0, 7.85259, 15.98778], "texture": "#0"},
				"south": {"uv": [0, 0, 4.31863, 15.98778], "texture": "#0"},
				"west": {"uv": [7.25, 0, 8.01769, 16], "texture": "#0"},
				"up": {"uv": [0, 0, 0.03125, 0.03125], "texture": "#0"},
				"down": {"uv": [0, 0, 0.03125, 0.03125], "texture": "#0"}
			}
		},
		{
			"from": [8.65, 1, 1.5],
			"to": [8.85, 13, 2.5],
			"rotation": {"angle": 0, "axis": "y", "origin": [8, 9, 8]},
			"faces": {
				"north": {"uv": [0, 0, 4.31863, 15.98778], "texture": "#0"},
				"east": {"uv": [4.75, 0, 7.85259, 15.98778], "texture": "#0"},
				"south": {"uv": [0, 0, 4.31863, 15.98778], "texture": "#0"},
				"west": {"uv": [7.25, 0, 8.01769, 16], "texture": "#0"},
				"up": {"uv": [0, 0, 0.03125, 0.03125], "texture": "#0"},
				"down": {"uv": [0, 0, 0.03125, 0.03125], "texture": "#0"}
			}
		},
		{
			"from": [9.65, 1, 1.5],
			"to": [9.85, 13, 2.5],
			"rotation": {"angle": 0, "axis": "y", "origin": [8, 9, 8]},
			"faces": {
				"north": {"uv": [0, 0, 4.31863, 15.98778], "texture": "#0"},
				"east": {"uv": [4.75, 0, 7.85259, 15.98778], "texture": "#0"},
				"south": {"uv": [0, 0, 4.31863, 15.98778], "texture": "#0"},
				"west": {"uv": [7.25, 0, 8.01769, 16], "texture": "#0"},
				"up": {"uv": [0, 0, 0.03125, 0.03125], "texture": "#0"},
				"down": {"uv": [0, 0, 0.03125, 0.03125], "texture": "#0"}
			}
		},
		{
			"from": [10.65, 1, 1.5],
			"to": [10.85, 13, 2.5],
			"rotation": {"angle": 0, "axis": "y", "origin": [8, 9, 8]},
			"faces": {
				"north": {"uv": [0, 0, 4.31863, 15.98778], "texture": "#0"},
				"east": {"uv": [4.75, 0, 7.85259, 15.98778], "texture": "#0"},
				"south": {"uv": [0, 0, 4.31863, 15.98778], "texture": "#0"},
				"west": {"uv": [7.25, 0, 8.01769, 16], "texture": "#0"},
				"up": {"uv": [0, 0, 0.03125, 0.03125], "texture": "#0"},
				"down": {"uv": [0, 0, 0.03125, 0.03125], "texture": "#0"}
			}
		},
		{
			"from": [11.65, 1, 1.5],
			"to": [11.85, 13, 2.5],
			"rotation": {"angle": 0, "axis": "y", "origin": [8, 9, 8]},
			"faces": {
				"north": {"uv": [0, 0, 4.31863, 15.98778], "texture": "#0"},
				"east": {"uv": [4.75, 0, 7.85259, 15.98778], "texture": "#0"},
				"south": {"uv": [0, 0, 4.31863, 15.98778], "texture": "#0"},
				"west": {"uv": [7.25, 0, 8.01769, 16], "texture": "#0"},
				"up": {"uv": [0, 0, 0.03125, 0.03125], "texture": "#0"},
				"down": {"uv": [0, 0, 0.03125, 0.03125], "texture": "#0"}
			}
		},
		{
			"from": [12.65, 1, 1.5],
			"to": [12.85, 13, 2.5],
			"rotation": {"angle": 0, "axis": "y", "origin": [8, 9, 8]},
			"faces": {
				"north": {"uv": [0, 0, 4.31863, 15.98778], "texture": "#0"},
				"east": {"uv": [4.75, 0, 7.85259, 15.98778], "texture": "#0"},
				"south": {"uv": [0, 0, 4.31863, 15.98778], "texture": "#0"},
				"west": {"uv": [7.25, 0, 8.01769, 16], "texture": "#0"},
				"up": {"uv": [0, 0, 0.03125, 0.03125], "texture": "#0"},
				"down": {"uv": [0, 0, 0.03125, 0.03125], "texture": "#0"}
			}
		},
		{
			"from": [13.65, 1, 1.5],
			"to": [13.85, 13, 2.5],
			"rotation": {"angle": 0, "axis": "y", "origin": [8, 9, 8]},
			"faces": {
				"north": {"uv": [0, 0, 4.31863, 15.98778], "texture": "#0"},
				"east": {"uv": [4.75, 0, 7.85259, 15.98778], "texture": "#0"},
				"south": {"uv": [0, 0, 4.31863, 15.98778], "texture": "#0"},
				"west": {"uv": [7.25, 0, 8.01769, 16], "texture": "#0"},
				"up": {"uv": [0, 0, 0.03125, 0.03125], "texture": "#0"},
				"down": {"uv": [0, 0, 0.03125, 0.03125], "texture": "#0"}
			}
		},
		{
			"from": [14.65, 1, 1],
			"to": [14.85, 13, 2],
			"rotation": {"angle": 0, "axis": "y", "origin": [8, 9, 8]},
			"faces": {
				"north": {"uv": [0, 0, 4.31863, 15.98778], "texture": "#0"},
				"east": {"uv": [4.75, 0, 7.85259, 15.98778], "texture": "#0"},
				"south": {"uv": [0, 0, 4.31863, 15.98778], "texture": "#0"},
				"west": {"uv": [7.25, 0, 8.01769, 16], "texture": "#0"},
				"up": {"uv": [0, 0, 0.03125, 0.03125], "texture": "#0"},
				"down": {"uv": [0, 0, 0.03125, 0.03125], "texture": "#0"}
			}
		},
		{
			"from": [1.3, 1, 1.5],
			"to": [1.5, 13, 2.5],
			"rotation": {"angle": 0, "axis": "y", "origin": [8, 9, 8]},
			"faces": {
				"north": {"uv": [0, 0, 4.31863, 15.98778], "texture": "#0"},
				"east": {"uv": [4.75, 0, 7.85259, 15.98778], "texture": "#0"},
				"south": {"uv": [0, 0, 4.31863, 15.98778], "texture": "#0"},
				"west": {"uv": [7.25, 0, 8.01769, 16], "texture": "#0"},
				"up": {"uv": [0, 0, 0.03125, 0.03125], "texture": "#0"},
				"down": {"uv": [0, 0, 0.03125, 0.03125], "texture": "#0"}
			}
		},
		{
			"from": [3, 1, 1],
			"to": [3.5, 13, 2],
			"rotation": {"angle": 0, "axis": "y", "origin": [8, 9, 8]},
			"faces": {
				"north": {"uv": [0, 0, 4.31863, 15.98778], "texture": "#2"},
				"east": {"uv": [4.75, 0, 7.85259, 15.98778], "texture": "#3"},
				"south": {"uv": [9, 0, 9.67122, 15.98778], "texture": "#3"},
				"west": {"uv": [7.25, 0, 8.01769, 16], "texture": "#3"},
				"up": {"uv": [0, 0, 0.03125, 0.03125], "texture": "#3"},
				"down": {"uv": [0, 0, 0.03125, 0.03125], "texture": "#3"}
			}
		},
		{
			"from": [4, 1, 1],
			"to": [4.5, 13, 2],
			"rotation": {"angle": 0, "axis": "y", "origin": [8, 9, 8]},
			"faces": {
				"north": {"uv": [0, 0, 4.31863, 15.98778], "texture": "#2"},
				"east": {"uv": [4.75, 0, 7.85259, 15.98778], "texture": "#3"},
				"south": {"uv": [9, 0, 9.67122, 15.98778], "texture": "#3"},
				"west": {"uv": [7.25, 0, 8.01769, 16], "texture": "#3"},
				"up": {"uv": [0, 0, 0.03125, 0.03125], "texture": "#3"},
				"down": {"uv": [0, 0, 0.03125, 0.03125], "texture": "#3"}
			}
		},
		{
			"from": [5, 1, 1],
			"to": [5.5, 13, 2],
			"rotation": {"angle": 0, "axis": "y", "origin": [8, 9, 8]},
			"faces": {
				"north": {"uv": [0, 0, 4.31863, 15.98778], "texture": "#2"},
				"east": {"uv": [4.75, 0, 7.85259, 15.98778], "texture": "#3"},
				"south": {"uv": [9, 0, 9.67122, 15.98778], "texture": "#3"},
				"west": {"uv": [7.25, 0, 8.01769, 16], "texture": "#3"},
				"up": {"uv": [0, 0, 0.03125, 0.03125], "texture": "#3"},
				"down": {"uv": [0, 0, 0.03125, 0.03125], "texture": "#3"}
			}
		},
		{
			"from": [6, 1, 1],
			"to": [6.5, 13, 2],
			"rotation": {"angle": 0, "axis": "y", "origin": [8, 9, 8]},
			"faces": {
				"north": {"uv": [0, 0, 4.31863, 15.98778], "texture": "#2"},
				"east": {"uv": [4.75, 0, 7.85259, 15.98778], "texture": "#3"},
				"south": {"uv": [9, 0, 9.67122, 15.98778], "texture": "#3"},
				"west": {"uv": [7.25, 0, 8.01769, 16], "texture": "#3"},
				"up": {"uv": [0, 0, 0.03125, 0.03125], "texture": "#3"},
				"down": {"uv": [0, 0, 0.03125, 0.03125], "texture": "#3"}
			}
		},
		{
			"from": [7, 1, 1],
			"to": [7.5, 13, 2],
			"rotation": {"angle": 0, "axis": "y", "origin": [8, 9, 8]},
			"faces": {
				"north": {"uv": [0, 0, 4.31863, 15.98778], "texture": "#2"},
				"east": {"uv": [4.75, 0, 7.85259, 15.98778], "texture": "#3"},
				"south": {"uv": [9, 0, 9.67122, 15.98778], "texture": "#3"},
				"west": {"uv": [7.25, 0, 8.01769, 16], "texture": "#3"},
				"up": {"uv": [0, 0, 0.03125, 0.03125], "texture": "#3"},
				"down": {"uv": [0, 0, 0.03125, 0.03125], "texture": "#3"}
			}
		},
		{
			"from": [8, 1, 1],
			"to": [8.5, 13, 2],
			"rotation": {"angle": 0, "axis": "y", "origin": [8, 9, 8]},
			"faces": {
				"north": {"uv": [0, 0, 4.31863, 15.98778], "texture": "#2"},
				"east": {"uv": [4.75, 0, 7.85259, 15.98778], "texture": "#3"},
				"south": {"uv": [9, 0, 9.67122, 15.98778], "texture": "#3"},
				"west": {"uv": [7.25, 0, 8.01769, 16], "texture": "#3"},
				"up": {"uv": [0, 0, 0.03125, 0.03125], "texture": "#3"},
				"down": {"uv": [0, 0, 0.03125, 0.03125], "texture": "#3"}
			}
		},
		{
			"from": [9, 1, 1],
			"to": [9.5, 13, 2],
			"rotation": {"angle": 0, "axis": "y", "origin": [8, 9, 8]},
			"faces": {
				"north": {"uv": [0, 0, 4.31863, 15.98778], "texture": "#2"},
				"east": {"uv": [4.75, 0, 7.85259, 15.98778], "texture": "#3"},
				"south": {"uv": [9, 0, 9.67122, 15.98778], "texture": "#3"},
				"west": {"uv": [7.25, 0, 8.01769, 16], "texture": "#3"},
				"up": {"uv": [0, 0, 0.03125, 0.03125], "texture": "#3"},
				"down": {"uv": [0, 0, 0.03125, 0.03125], "texture": "#3"}
			}
		},
		{
			"from": [10, 1, 1],
			"to": [10.5, 13, 2],
			"rotation": {"angle": 0, "axis": "y", "origin": [8, 9, 8]},
			"faces": {
				"north": {"uv": [0, 0, 4.31863, 15.98778], "texture": "#2"},
				"east": {"uv": [4.75, 0, 7.85259, 15.98778], "texture": "#3"},
				"south": {"uv": [9, 0, 9.67122, 15.98778], "texture": "#3"},
				"west": {"uv": [7.25, 0, 8.01769, 16], "texture": "#3"},
				"up": {"uv": [0, 0, 0.03125, 0.03125], "texture": "#3"},
				"down": {"uv": [0, 0, 0.03125, 0.03125], "texture": "#3"}
			}
		},
		{
			"from": [11, 1, 1],
			"to": [11.5, 13, 2],
			"rotation": {"angle": 0, "axis": "y", "origin": [8, 9, 8]},
			"faces": {
				"north": {"uv": [0, 0, 4.31863, 15.98778], "texture": "#2"},
				"east": {"uv": [4.75, 0, 7.85259, 15.98778], "texture": "#3"},
				"south": {"uv": [9, 0, 9.67122, 15.98778], "texture": "#3"},
				"west": {"uv": [7.25, 0, 8.01769, 16], "texture": "#3"},
				"up": {"uv": [0, 0, 0.03125, 0.03125], "texture": "#3"},
				"down": {"uv": [0, 0, 0.03125, 0.03125], "texture": "#3"}
			}
		},
		{
			"from": [12, 1, 1],
			"to": [12.5, 13, 2],
			"rotation": {"angle": 0, "axis": "y", "origin": [8, 9, 8]},
			"faces": {
				"north": {"uv": [0, 0, 4.31863, 15.98778], "texture": "#2"},
				"east": {"uv": [4.75, 0, 7.85259, 15.98778], "texture": "#3"},
				"south": {"uv": [9, 0, 9.67122, 15.98778], "texture": "#3"},
				"west": {"uv": [7.25, 0, 8.01769, 16], "texture": "#3"},
				"up": {"uv": [0, 0, 0.03125, 0.03125], "texture": "#3"},
				"down": {"uv": [0, 0, 0.03125, 0.03125], "texture": "#3"}
			}
		},
		{
			"from": [13, 1, 1],
			"to": [13.5, 13, 2],
			"rotation": {"angle": 0, "axis": "y", "origin": [8, 9, 8]},
			"faces": {
				"north": {"uv": [0, 0, 4.31863, 15.98778], "texture": "#2"},
				"east": {"uv": [4.75, 0, 7.85259, 15.98778], "texture": "#3"},
				"south": {"uv": [9, 0, 9.67122, 15.98778], "texture": "#3"},
				"west": {"uv": [7.25, 0, 8.01769, 16], "texture": "#3"},
				"up": {"uv": [0, 0, 0.03125, 0.03125], "texture": "#3"},
				"down": {"uv": [0, 0, 0.03125, 0.03125], "texture": "#3"}
			}
		},
		{
			"from": [14, 1, 1],
			"to": [14.5, 13, 2],
			"rotation": {"angle": 0, "axis": "y", "origin": [8, 9, 8]},
			"faces": {
				"north": {"uv": [0, 0, 4.31863, 15.98778], "texture": "#2"},
				"east": {"uv": [0, 0, 3.10259, 15.98778], "texture": "#2"},
				"south": {"uv": [1.21875, 0.01222, 1.88997, 16], "texture": "#2"},
				"west": {"uv": [7.25, 0, 8.01769, 16], "texture": "#3"},
				"up": {"uv": [0, 0, 0.03125, 0.03125], "texture": "#2"},
				"down": {"uv": [0, 0, 0.03125, 0.03125], "texture": "#2"}
			}
		},
		{
			"from": [13.85, 1, 14.5],
			"to": [14.35, 13, 15.5],
			"rotation": {"angle": 0, "axis": "y", "origin": [8.075, 7, 15]},
			"faces": {
				"north": {"uv": [0, 0, 4.31863, 15.98778], "texture": "#2"},
				"east": {"uv": [7.25, 0, 8.01769, 16], "texture": "#3"},
				"south": {"uv": [0, 0, 4.31863, 15.98778], "texture": "#2"},
				"west": {"uv": [4.75, 0, 7.85259, 15.98778], "texture": "#3"},
				"up": {"uv": [0, 0, 0.03125, 0.03125], "rotation": 180, "texture": "#3"},
				"down": {"uv": [0, 0, 0.03125, 0.03125], "rotation": 180, "texture": "#3"}
			}
		},
		{
			"from": [13.45, 1, 14.5],
			"to": [13.65, 13, 15.5],
			"rotation": {"angle": 0, "axis": "y", "origin": [8.075, 7, 15]},
			"faces": {
				"north": {"uv": [0, 0, 4.31863, 15.98778], "texture": "#0"},
				"east": {"uv": [7.25, 0, 8.01769, 16], "texture": "#0"},
				"south": {"uv": [0, 0, 4.31863, 15.98778], "texture": "#0"},
				"west": {"uv": [4.75, 0, 7.85259, 15.98778], "texture": "#0"},
				"up": {"uv": [0, 0, 0.03125, 0.03125], "rotation": 180, "texture": "#0"},
				"down": {"uv": [0, 0, 0.03125, 0.03125], "rotation": 180, "texture": "#0"}
			}
		},
		{
			"from": [12.3, 1, 14.5],
			"to": [12.5, 13, 15.5],
			"rotation": {"angle": 0, "axis": "y", "origin": [8.075, 7, 15]},
			"faces": {
				"north": {"uv": [0, 0, 4.31863, 15.98778], "texture": "#0"},
				"east": {"uv": [7.25, 0, 8.01769, 16], "texture": "#0"},
				"south": {"uv": [0, 0, 4.31863, 15.98778], "texture": "#0"},
				"west": {"uv": [4.75, 0, 7.85259, 15.98778], "texture": "#0"},
				"up": {"uv": [0, 0, 0.03125, 0.03125], "rotation": 180, "texture": "#0"},
				"down": {"uv": [0, 0, 0.03125, 0.03125], "rotation": 180, "texture": "#0"}
			}
		},
		{
			"from": [11.3, 1, 14.5],
			"to": [11.5, 13, 15.5],
			"rotation": {"angle": 0, "axis": "y", "origin": [8.075, 7, 15]},
			"faces": {
				"north": {"uv": [0, 0, 4.31863, 15.98778], "texture": "#0"},
				"east": {"uv": [7.25, 0, 8.01769, 16], "texture": "#0"},
				"south": {"uv": [0, 0, 4.31863, 15.98778], "texture": "#0"},
				"west": {"uv": [4.75, 0, 7.85259, 15.98778], "texture": "#0"},
				"up": {"uv": [0, 0, 0.03125, 0.03125], "rotation": 180, "texture": "#0"},
				"down": {"uv": [0, 0, 0.03125, 0.03125], "rotation": 180, "texture": "#0"}
			}
		},
		{
			"from": [10.3, 1, 14.5],
			"to": [10.5, 13, 15.5],
			"rotation": {"angle": 0, "axis": "y", "origin": [8.075, 7, 15]},
			"faces": {
				"north": {"uv": [0, 0, 4.31863, 15.98778], "texture": "#0"},
				"east": {"uv": [7.25, 0, 8.01769, 16], "texture": "#0"},
				"south": {"uv": [0, 0, 4.31863, 15.98778], "texture": "#0"},
				"west": {"uv": [4.75, 0, 7.85259, 15.98778], "texture": "#0"},
				"up": {"uv": [0, 0, 0.03125, 0.03125], "rotation": 180, "texture": "#0"},
				"down": {"uv": [0, 0, 0.03125, 0.03125], "rotation": 180, "texture": "#0"}
			}
		},
		{
			"from": [9.3, 1, 14.5],
			"to": [9.5, 13, 15.5],
			"rotation": {"angle": 0, "axis": "y", "origin": [8.075, 7, 15]},
			"faces": {
				"north": {"uv": [0, 0, 4.31863, 15.98778], "texture": "#0"},
				"east": {"uv": [7.25, 0, 8.01769, 16], "texture": "#0"},
				"south": {"uv": [0, 0, 4.31863, 15.98778], "texture": "#0"},
				"west": {"uv": [4.75, 0, 7.85259, 15.98778], "texture": "#0"},
				"up": {"uv": [0, 0, 0.03125, 0.03125], "rotation": 180, "texture": "#0"},
				"down": {"uv": [0, 0, 0.03125, 0.03125], "rotation": 180, "texture": "#0"}
			}
		},
		{
			"from": [8.3, 1, 14.5],
			"to": [8.5, 13, 15.5],
			"rotation": {"angle": 0, "axis": "y", "origin": [8.075, 7, 15]},
			"faces": {
				"north": {"uv": [0, 0, 4.31863, 15.98778], "texture": "#0"},
				"east": {"uv": [7.25, 0, 8.01769, 16], "texture": "#0"},
				"south": {"uv": [0, 0, 4.31863, 15.98778], "texture": "#0"},
				"west": {"uv": [4.75, 0, 7.85259, 15.98778], "texture": "#0"},
				"up": {"uv": [0, 0, 0.03125, 0.03125], "rotation": 180, "texture": "#0"},
				"down": {"uv": [0, 0, 0.03125, 0.03125], "rotation": 180, "texture": "#0"}
			}
		},
		{
			"from": [7.3, 1, 14.5],
			"to": [7.5, 13, 15.5],
			"rotation": {"angle": 0, "axis": "y", "origin": [8.075, 7, 15]},
			"faces": {
				"north": {"uv": [0, 0, 4.31863, 15.98778], "texture": "#0"},
				"east": {"uv": [7.25, 0, 8.01769, 16], "texture": "#0"},
				"south": {"uv": [0, 0, 4.31863, 15.98778], "texture": "#0"},
				"west": {"uv": [4.75, 0, 7.85259, 15.98778], "texture": "#0"},
				"up": {"uv": [0, 0, 0.03125, 0.03125], "rotation": 180, "texture": "#0"},
				"down": {"uv": [0, 0, 0.03125, 0.03125], "rotation": 180, "texture": "#0"}
			}
		},
		{
			"from": [6.3, 1, 14.5],
			"to": [6.5, 13, 15.5],
			"rotation": {"angle": 0, "axis": "y", "origin": [8.075, 7, 15]},
			"faces": {
				"north": {"uv": [0, 0, 4.31863, 15.98778], "texture": "#0"},
				"east": {"uv": [7.25, 0, 8.01769, 16], "texture": "#0"},
				"south": {"uv": [0, 0, 4.31863, 15.98778], "texture": "#0"},
				"west": {"uv": [4.75, 0, 7.85259, 15.98778], "texture": "#0"},
				"up": {"uv": [0, 0, 0.03125, 0.03125], "rotation": 180, "texture": "#0"},
				"down": {"uv": [0, 0, 0.03125, 0.03125], "rotation": 180, "texture": "#0"}
			}
		},
		{
			"from": [5.3, 1, 14.5],
			"to": [5.5, 13, 15.5],
			"rotation": {"angle": 0, "axis": "y", "origin": [8.075, 7, 15]},
			"faces": {
				"north": {"uv": [0, 0, 4.31863, 15.98778], "texture": "#0"},
				"east": {"uv": [7.25, 0, 8.01769, 16], "texture": "#0"},
				"south": {"uv": [0, 0, 4.31863, 15.98778], "texture": "#0"},
				"west": {"uv": [4.75, 0, 7.85259, 15.98778], "texture": "#0"},
				"up": {"uv": [0, 0, 0.03125, 0.03125], "rotation": 180, "texture": "#0"},
				"down": {"uv": [0, 0, 0.03125, 0.03125], "rotation": 180, "texture": "#0"}
			}
		},
		{
			"from": [4.3, 1, 14.5],
			"to": [4.5, 13, 15.5],
			"rotation": {"angle": 0, "axis": "y", "origin": [8.075, 7, 15]},
			"faces": {
				"north": {"uv": [0, 0, 4.31863, 15.98778], "texture": "#0"},
				"east": {"uv": [7.25, 0, 8.01769, 16], "texture": "#0"},
				"south": {"uv": [0, 0, 4.31863, 15.98778], "texture": "#0"},
				"west": {"uv": [4.75, 0, 7.85259, 15.98778], "texture": "#0"},
				"up": {"uv": [0, 0, 0.03125, 0.03125], "rotation": 180, "texture": "#0"},
				"down": {"uv": [0, 0, 0.03125, 0.03125], "rotation": 180, "texture": "#0"}
			}
		},
		{
			"from": [3.3, 1, 14.5],
			"to": [3.5, 13, 15.5],
			"rotation": {"angle": 0, "axis": "y", "origin": [8.075, 7, 15]},
			"faces": {
				"north": {"uv": [0, 0, 4.31863, 15.98778], "texture": "#0"},
				"east": {"uv": [7.25, 0, 8.01769, 16], "texture": "#0"},
				"south": {"uv": [0, 0, 4.31863, 15.98778], "texture": "#0"},
				"west": {"uv": [4.75, 0, 7.85259, 15.98778], "texture": "#0"},
				"up": {"uv": [0, 0, 0.03125, 0.03125], "rotation": 180, "texture": "#0"},
				"down": {"uv": [0, 0, 0.03125, 0.03125], "rotation": 180, "texture": "#0"}
			}
		},
		{
			"from": [2.3, 1, 14.5],
			"to": [2.5, 13, 15.5],
			"rotation": {"angle": 0, "axis": "y", "origin": [8.075, 7, 15]},
			"faces": {
				"north": {"uv": [0, 0, 4.31863, 15.98778], "texture": "#0"},
				"east": {"uv": [7.25, 0, 8.01769, 16], "texture": "#0"},
				"south": {"uv": [0, 0, 4.31863, 15.98778], "texture": "#0"},
				"west": {"uv": [4.75, 0, 7.85259, 15.98778], "texture": "#0"},
				"up": {"uv": [0, 0, 0.03125, 0.03125], "rotation": 180, "texture": "#0"},
				"down": {"uv": [0, 0, 0.03125, 0.03125], "rotation": 180, "texture": "#0"}
			}
		},
		{
			"from": [1.3, 1, 14.5],
			"to": [1.5, 13, 15.5],
			"rotation": {"angle": 0, "axis": "y", "origin": [8.075, 7, 15]},
			"faces": {
				"north": {"uv": [0, 0, 4.31863, 15.98778], "texture": "#0"},
				"east": {"uv": [7.25, 0, 8.01769, 16], "texture": "#0"},
				"south": {"uv": [0, 0, 4.31863, 15.98778], "texture": "#0"},
				"west": {"uv": [4.75, 0, 7.85259, 15.98778], "texture": "#0"},
				"up": {"uv": [0, 0, 0.03125, 0.03125], "rotation": 180, "texture": "#0"},
				"down": {"uv": [0, 0, 0.03125, 0.03125], "rotation": 180, "texture": "#0"}
			}
		},
		{
			"from": [14.65, 1, 14.5],
			"to": [14.85, 13, 15.5],
			"rotation": {"angle": 0, "axis": "y", "origin": [8.075, 7, 15]},
			"faces": {
				"north": {"uv": [0, 0, 4.31863, 15.98778], "texture": "#0"},
				"east": {"uv": [7.25, 0, 8.01769, 16], "texture": "#0"},
				"south": {"uv": [0, 0, 4.31863, 15.98778], "texture": "#0"},
				"west": {"uv": [4.75, 0, 7.85259, 15.98778], "texture": "#0"},
				"up": {"uv": [0, 0, 0.03125, 0.03125], "rotation": 180, "texture": "#0"},
				"down": {"uv": [0, 0, 0.03125, 0.03125], "rotation": 180, "texture": "#0"}
			}
		},
		{
			"from": [12.65, 1, 14.5],
			"to": [13.15, 13, 15.5],
			"rotation": {"angle": 0, "axis": "y", "origin": [8.075, 7, 15]},
			"faces": {
				"north": {"uv": [9, 0, 9.67122, 15.98778], "texture": "#3"},
				"east": {"uv": [7.25, 0, 8.01769, 16], "texture": "#3"},
				"south": {"uv": [0, 0, 4.31863, 15.98778], "texture": "#2"},
				"west": {"uv": [4.75, 0, 7.85259, 15.98778], "texture": "#3"},
				"up": {"uv": [0, 0, 0.03125, 0.03125], "rotation": 180, "texture": "#3"},
				"down": {"uv": [0, 0, 0.03125, 0.03125], "rotation": 180, "texture": "#3"}
			}
		},
		{
			"from": [11.65, 1, 14.5],
			"to": [12.15, 13, 15.5],
			"rotation": {"angle": 0, "axis": "y", "origin": [8.075, 7, 15]},
			"faces": {
				"north": {"uv": [9, 0, 9.67122, 15.98778], "texture": "#3"},
				"east": {"uv": [7.25, 0, 8.01769, 16], "texture": "#3"},
				"south": {"uv": [0, 0, 4.31863, 15.98778], "texture": "#2"},
				"west": {"uv": [4.75, 0, 7.85259, 15.98778], "texture": "#3"},
				"up": {"uv": [0, 0, 0.03125, 0.03125], "rotation": 180, "texture": "#3"},
				"down": {"uv": [0, 0, 0.03125, 0.03125], "rotation": 180, "texture": "#3"}
			}
		},
		{
			"from": [10.65, 1, 14.5],
			"to": [11.15, 13, 15.5],
			"rotation": {"angle": 0, "axis": "y", "origin": [8.075, 7, 15]},
			"faces": {
				"north": {"uv": [9, 0, 9.67122, 15.98778], "texture": "#3"},
				"east": {"uv": [7.25, 0, 8.01769, 16], "texture": "#3"},
				"south": {"uv": [0, 0, 4.31863, 15.98778], "texture": "#2"},
				"west": {"uv": [4.75, 0, 7.85259, 15.98778], "texture": "#3"},
				"up": {"uv": [0, 0, 0.03125, 0.03125], "rotation": 180, "texture": "#3"},
				"down": {"uv": [0, 0, 0.03125, 0.03125], "rotation": 180, "texture": "#3"}
			}
		},
		{
			"from": [9.65, 1, 14.5],
			"to": [10.15, 13, 15.5],
			"rotation": {"angle": 0, "axis": "y", "origin": [8.075, 7, 15]},
			"faces": {
				"north": {"uv": [9, 0, 9.67122, 15.98778], "texture": "#3"},
				"east": {"uv": [7.25, 0, 8.01769, 16], "texture": "#3"},
				"south": {"uv": [0, 0, 4.31863, 15.98778], "texture": "#2"},
				"west": {"uv": [4.75, 0, 7.85259, 15.98778], "texture": "#3"},
				"up": {"uv": [0, 0, 0.03125, 0.03125], "rotation": 180, "texture": "#3"},
				"down": {"uv": [0, 0, 0.03125, 0.03125], "rotation": 180, "texture": "#3"}
			}
		},
		{
			"from": [8.65, 1, 14.5],
			"to": [9.15, 13, 15.5],
			"rotation": {"angle": 0, "axis": "y", "origin": [8.075, 7, 15]},
			"faces": {
				"north": {"uv": [9, 0, 9.67122, 15.98778], "texture": "#3"},
				"east": {"uv": [7.25, 0, 8.01769, 16], "texture": "#3"},
				"south": {"uv": [0, 0, 4.31863, 15.98778], "texture": "#2"},
				"west": {"uv": [4.75, 0, 7.85259, 15.98778], "texture": "#3"},
				"up": {"uv": [0, 0, 0.03125, 0.03125], "rotation": 180, "texture": "#3"},
				"down": {"uv": [0, 0, 0.03125, 0.03125], "rotation": 180, "texture": "#3"}
			}
		},
		{
			"from": [7.65, 1, 14.5],
			"to": [8.15, 13, 15.5],
			"rotation": {"angle": 0, "axis": "y", "origin": [8.075, 7, 15]},
			"faces": {
				"north": {"uv": [9, 0, 9.67122, 15.98778], "texture": "#3"},
				"east": {"uv": [7.25, 0, 8.01769, 16], "texture": "#3"},
				"south": {"uv": [0, 0, 4.31863, 15.98778], "texture": "#2"},
				"west": {"uv": [4.75, 0, 7.85259, 15.98778], "texture": "#3"},
				"up": {"uv": [0, 0, 0.03125, 0.03125], "rotation": 180, "texture": "#3"},
				"down": {"uv": [0, 0, 0.03125, 0.03125], "rotation": 180, "texture": "#3"}
			}
		},
		{
			"from": [6.65, 1, 14.5],
			"to": [7.15, 13, 15.5],
			"rotation": {"angle": 0, "axis": "y", "origin": [8.075, 7, 15]},
			"faces": {
				"north": {"uv": [9, 0, 9.67122, 15.98778], "texture": "#3"},
				"east": {"uv": [7.25, 0, 8.01769, 16], "texture": "#3"},
				"south": {"uv": [0, 0, 4.31863, 15.98778], "texture": "#2"},
				"west": {"uv": [4.75, 0, 7.85259, 15.98778], "texture": "#3"},
				"up": {"uv": [0, 0, 0.03125, 0.03125], "rotation": 180, "texture": "#3"},
				"down": {"uv": [0, 0, 0.03125, 0.03125], "rotation": 180, "texture": "#3"}
			}
		},
		{
			"from": [5.65, 1, 14.5],
			"to": [6.15, 13, 15.5],
			"rotation": {"angle": 0, "axis": "y", "origin": [8.075, 7, 15]},
			"faces": {
				"north": {"uv": [9, 0, 9.67122, 15.98778], "texture": "#3"},
				"east": {"uv": [7.25, 0, 8.01769, 16], "texture": "#3"},
				"south": {"uv": [0, 0, 4.31863, 15.98778], "texture": "#2"},
				"west": {"uv": [4.75, 0, 7.85259, 15.98778], "texture": "#3"},
				"up": {"uv": [0, 0, 0.03125, 0.03125], "rotation": 180, "texture": "#3"},
				"down": {"uv": [0, 0, 0.03125, 0.03125], "rotation": 180, "texture": "#3"}
			}
		},
		{
			"from": [4.65, 1, 14.5],
			"to": [5.15, 13, 15.5],
			"rotation": {"angle": 0, "axis": "y", "origin": [8.075, 7, 15]},
			"faces": {
				"north": {"uv": [9, 0, 9.67122, 15.98778], "texture": "#3"},
				"east": {"uv": [7.25, 0, 8.01769, 16], "texture": "#3"},
				"south": {"uv": [0, 0, 4.31863, 15.98778], "texture": "#2"},
				"west": {"uv": [4.75, 0, 7.85259, 15.98778], "texture": "#3"},
				"up": {"uv": [0, 0, 0.03125, 0.03125], "rotation": 180, "texture": "#3"},
				"down": {"uv": [0, 0, 0.03125, 0.03125], "rotation": 180, "texture": "#3"}
			}
		},
		{
			"from": [3.65, 1, 14.5],
			"to": [4.15, 13, 15.5],
			"rotation": {"angle": 0, "axis": "y", "origin": [8.075, 7, 15]},
			"faces": {
				"north": {"uv": [9, 0, 9.67122, 15.98778], "texture": "#3"},
				"east": {"uv": [7.25, 0, 8.01769, 16], "texture": "#3"},
				"south": {"uv": [0, 0, 4.31863, 15.98778], "texture": "#2"},
				"west": {"uv": [4.75, 0, 7.85259, 15.98778], "texture": "#3"},
				"up": {"uv": [0, 0, 0.03125, 0.03125], "rotation": 180, "texture": "#3"},
				"down": {"uv": [0, 0, 0.03125, 0.03125], "rotation": 180, "texture": "#3"}
			}
		},
		{
			"from": [2.65, 1, 14.5],
			"to": [3.15, 13, 15.5],
			"rotation": {"angle": 0, "axis": "y", "origin": [8.075, 7, 15]},
			"faces": {
				"north": {"uv": [9, 0, 9.67122, 15.98778], "texture": "#3"},
				"east": {"uv": [7.25, 0, 8.01769, 16], "texture": "#3"},
				"south": {"uv": [0, 0, 4.31863, 15.98778], "texture": "#2"},
				"west": {"uv": [4.75, 0, 7.85259, 15.98778], "texture": "#3"},
				"up": {"uv": [0, 0, 0.03125, 0.03125], "rotation": 180, "texture": "#3"},
				"down": {"uv": [0, 0, 0.03125, 0.03125], "rotation": 180, "texture": "#3"}
			}
		},
		{
			"from": [1.65, 1, 14.5],
			"to": [2.15, 13, 15.5],
			"rotation": {"angle": 0, "axis": "y", "origin": [8.075, 7, 15]},
			"faces": {
				"north": {"uv": [1.21875, 0.01222, 1.88997, 16], "texture": "#2"},
				"east": {"uv": [7.25, 0, 8.01769, 16], "texture": "#3"},
				"south": {"uv": [0, 0, 4.31863, 15.98778], "texture": "#2"},
				"west": {"uv": [0, 0, 3.10259, 15.98778], "texture": "#2"},
				"up": {"uv": [0, 0, 0.03125, 0.03125], "rotation": 180, "texture": "#2"},
				"down": {"uv": [0, 0, 0.03125, 0.03125], "rotation": 180, "texture": "#2"}
			}
		}
	],
	"display": {
		"thirdperson_righthand": {
			"translation": [0, -1.25, -2.5],
			"scale": [0.34, 0.34, 0.34]
		},
		"thirdperson_lefthand": {
			"translation": [0, -1.75, -2.25],
			"scale": [0.34, 0.34, 0.34]
		},
		"firstperson_righthand": {
			"scale": [0.45, 0.45, 0.29]
		},
		"firstperson_lefthand": {
			"scale": [0.47, 0.47, 0.37]
		},
		"ground": {
			"scale": [0.4, 0.41, 0.41]
		},
		"gui": {
			"rotation": [18, 25, 1],
			"translation": [0.25, 0, 0],
			"scale": [0.67, 0.67, 0.67]
		},
		"head": {
			"translation": [0, 6.25, 0],
			"scale": [0.4, 0.4, 0.4]
		},
		"fixed": {
			"translation": [-1.25, 0, -2.25],
			"scale": [0.49, 0.49, 0.49]
		}
	},
	"groups": [
		{
			"name": "grill",
			"origin": [23, 23, 7],
			"color": 0,
			"children": [
				0,
				1,
				2,
				3,
				4,
				5,
				6,
				7,
				8,
				9,
				10,
				11,
				12,
				13,
				14,
				15,
				16,
				17,
				18,
				19,
				20,
				21,
				22,
				23,
				24,
				25,
				26,
				27,
				28,
				29,
				30,
				31,
				32,
				33,
				34,
				35,
				36,
				37,
				{
					"name": "mesh",
					"origin": [8, 8, 8],
					"color": 0,
					"children": [38, 39, 40, 41]
				},
				{
					"name": "Side gold",
					"origin": [24, 23, 8],
					"color": 0,
					"children": [42, 43, 44, 45, 46, 47, 48, 49]
				}
			]
		},
		{
			"name": "hexadecagon",
			"origin": [8, 8, 8],
			"color": 0,
			"children": [50, 51, 52, 53, 54, 55, 56, 57]
		},
		{
			"name": "hexadecagon",
			"origin": [8, 8, 8],
			"color": 0,
			"children": [58, 59, 60, 61, 62, 63, 64, 65]
		},
		{
			"name": "hexadecagon",
			"origin": [8, 8, 8],
			"color": 0,
			"children": [66, 67, 68, 69, 70, 71, 72, 73]
		},
		{
			"name": "speak",
			"origin": [8, 8, 8],
			"color": 0,
			"children": []
		},
		{
			"name": "front grill",
			"origin": [8, 9, 8],
			"color": 0,
			"children": [74, 75, 76, 77, 78, 79, 80, 81, 82, 83, 84, 85, 86, 87, 88, 89, 90, 91, 92, 93, 94, 95, 96, 97, 98, 99, 100]
		},
		{
			"name": "front grill",
			"origin": [8, 9, 8],
			"color": 0,
			"children": [101, 102, 103, 104, 105, 106, 107, 108, 109, 110, 111, 112, 113, 114, 115, 116, 117, 118, 119, 120, 121, 122, 123, 124, 125, 126, 127]
		}
	]
}