{
    "variants": {
        "": [
			{ "model": "assemblylinemachines:block/cocoa_leaves" },
			{ "model": "assemblylinemachines:block/cocoa_leaves", "y": 90 },
			{ "model": "assemblylinemachines:block/cocoa_leaves", "x": 90 },
			{ "model": "assemblylinemachines:block/cocoa_leaves", "x": 90, "y": 90 },
			{ "model": "assemblylinemachines:block/cocoa_leaves2" },
			{ "model": "assemblylinemachines:block/cocoa_leaves2", "y": 90 },
			{ "model": "assemblylinemachines:block/cocoa_leaves2", "x": 90 },
			{ "model": "assemblylinemachines:block/cocoa_leaves2", "x": 90, "y": 90 }
		]
    }
}