{
    "variants": {
        "": [
			{ "model": "ars_elemental:block/yellow_archwood_leaves" },
			{ "model": "ars_elemental:block/yellow_archwood_leaves", "y": 90 },
			{ "model": "ars_elemental:block/yellow_archwood_leaves", "x": 90 },
			{ "model": "ars_elemental:block/yellow_archwood_leaves", "x": 90, "y": 90 },
			{ "model": "ars_elemental:block/yellow_archwood_leaves1" },
			{ "model": "ars_elemental:block/yellow_archwood_leaves1", "y": 90 },
			{ "model": "ars_elemental:block/yellow_archwood_leaves1", "x": 90 },
			{ "model": "ars_elemental:block/yellow_archwood_leaves1", "x": 90, "y": 90 },
			{ "model": "ars_elemental:block/yellow_archwood_leaves2" },
			{ "model": "ars_elemental:block/yellow_archwood_leaves2", "y": 90 },
			{ "model": "ars_elemental:block/yellow_archwood_leaves2", "x": 90 },
			{ "model": "ars_elemental:block/yellow_archwood_leaves2", "x": 90, "y": 90 }
		]
    }
}