{
    "variants": {
        "": [
			{ "model": "bloomingnature:block/chestnut_leaves" },
			{ "model": "bloomingnature:block/chestnut_leaves", "y": 90 },
			{ "model": "bloomingnature:block/chestnut_leaves", "x": 90 },
			{ "model": "bloomingnature:block/chestnut_leaves", "x": 90, "y": 90 },
			{ "model": "bloomingnature:block/chestnut_leaves2" },
			{ "model": "bloomingnature:block/chestnut_leaves2", "y": 90 },
			{ "model": "bloomingnature:block/chestnut_leaves2", "x": 90 },
			{ "model": "bloomingnature:block/chestnut_leaves2", "x": 90, "y": 90 }
		]
    }
}