{
	"credit": "Made with Blockbench",
	"parent": "block/block",
	"ambientocclusion": false,
	"textures": {
		"1": "biomesoplenty:block/snowblossom_bushy",
		"particle": "biomesoplenty:block/snowblossom_bushy"
	},
	"elements": [
		{
			"from": [8, -5, -7],
			"to": [8, 21, 23],
			"shade": false,
			"rotation": {"angle": -45, "axis": "y", "origin": [8, 11, 8]},
			"faces": {
				"east": {"uv": [16, 0, 0, 16], "texture": "#1", "tintindex": 0},
				"west": {"uv": [0, 0, 16, 16], "texture": "#1", "tintindex": 0}
			}
		},
		{
			"from": [-5, 8, -8],
			"to": [21, 8, 24],
			"shade": false,
			"rotation": {"angle": -45, "axis": "x", "origin": [11, 8, 8]},
			"faces": {
				"up": {"uv": [0, 0, 16, 16], "rotation": 180, "texture": "#1", "tintindex": 0},
				"down": {"uv": [16, 0, 0, 16], "texture": "#1", "tintindex": 0}
			}
		},
		{
			"from": [-5, -8, 8],
			"to": [21, 24, 8],
			"shade": false,
			"rotation": {"angle": -45, "axis": "x", "origin": [11, 8, 8]},
			"faces": {
				"north": {"uv": [0, 0, 16, 16], "texture": "#1", "tintindex": 0},
				"south": {"uv": [16, 0, 0, 16], "texture": "#1", "tintindex": 0}
			}
		}
	]
}